Symbol,Category,Name,Price,RiseFall,Change,ChangeRate,NAV,EarningRate,Volume,Amount,MarCap
459580,6,KODEX CD금리액티브(합성),1056890,2,290,0.03,1056695.0,0.8465,140839,148850,93245
357870,6,TIGER CD금리투자KIS(합성),55395,2,20,0.04,55390.0,0.8376,60592,3356,68918
360750,4,TIGER 미국S&P500,21675,2,125,0.58,21705.0,18.2052,2224994,48163,62576
069500,1,KODEX 200,32695,2,190,0.58,32676.0,-3.057,2970867,97223,55663
423160,6,KODEX KOFR금리액티브(합성),108910,2,10,0.01,108900.0,0.838,19950,2172,44454
133690,4,TIGER 미국나스닥100,138520,2,2105,1.54,138799.0,22.0879,121940,16866,43703
488770,7,KODEX 머니마켓액티브,101365,2,5,0.0,101390.0,0.926,36410,3690,38324
449170,6,TIGER KOFR금리액티브(합성),107430,2,10,0.01,107428.0,0.8449,72702,7810,34763
381170,4,TIGER 미국테크TOP10 INDXX,25195,2,595,2.42,25163.0,29.0661,1055070,26473,30914
273130,6,KODEX 종합채권(AA-이상)액티브,116950,5,-140,-0.12,117013.0,2.4633,38744,4534,28408
379800,4,KODEX 미국S&P500TR,19880,2,135,0.68,19907.0,18.0921,1198615,23786,27892
381180,4,TIGER 미국필라델피아반도체나스닥,18955,2,455,2.46,19005.0,12.6263,444465,8415,26727
122630,3,KODEX 레버리지,14500,2,150,1.05,14556.0,-8.16,12598127,183165,24157
455890,6,RISE 머니마켓액티브,53380,2,10,0.02,53385.0,0.917,41474,2213,22399
278530,1,KODEX 200TR,11450,2,50,0.44,11456.0,-2.9788,168542,1933,21864
458730,4,TIGER 미국배당다우존스,12975,5,-90,-0.69,12978.0,12.0785,847773,10991,18716
102110,1,TIGER 200,32750,2,160,0.49,32735.0,-2.9771,2608239,85346,18684
371460,4,TIGER 차이나전기차SOLACTIVE,9495,5,-20,-0.21,9502.0,39.6184,636887,6063,18242
481050,6,KODEX 1년은행양도성예금증서+액티브(합성),1023090,2,260,0.03,1022915.0,0.825,1819,1861,18082
453850,6,ACE 미국30년국채액티브(H),8245,5,-80,-0.96,8256.0,-8.2544,949625,7838,17982
233740,3,KODEX 코스닥150레버리지,6930,2,150,2.21,6958.0,-10.7308,26094864,181223,17907
310970,1,TIGER MSCI Korea TR,13730,2,90,0.66,13730.0,-4.4149,5204,71,17149
379810,4,KODEX 미국나스닥100TR,20775,2,315,1.54,20819.0,22.2222,834771,17316,16080
214980,6,KODEX 단기채권PLUS,112870,2,15,0.01,112890.0,0.9075,3348,377,15911
360200,4,ACE 미국S&P500,21910,2,130,0.6,21939.0,18.2346,305982,6696,15797
385540,6,RISE 종합채권(A-이상)액티브,108720,5,-60,-0.06,108672.0,2.6226,413,44,13639
453540,6,TIGER 25-10 회사채(A+이상)액티브,54040,2,10,0.02,54036.0,0.9717,74752,4039,12902
367380,4,ACE 미국나스닥100,23800,2,365,1.56,23845.0,22.0954,255513,6070,12376
229200,1,KODEX 코스닥150,11475,2,130,1.15,11519.0,-3.8152,4682979,53842,12209
148020,1,RISE 200,32930,2,175,0.53,32938.0,-3.0344,3226153,106234,11394
252670,3,KODEX 200선물인버스2X,2490,5,-25,-0.99,2491.0,5.6722,48042824,119339,11334
476550,6,TIGER 미국30년국채커버드콜액티브(H),8935,5,-80,-0.89,8941.0,-6.841,1104865,9877,11258
102780,2,KODEX 삼성그룹,8195,2,70,0.86,8203.0,-10.6161,37902,311,10727
475630,7,TIGER CD1년금리액티브(합성),1031190,2,265,0.03,1031191.0,0.851,29184,30094,10567
477080,6,RISE CD금리액티브(합성),102560,2,20,0.02,102528.0,0.8557,634,65,10334
476810,6,KODEX 25-11 은행채(AA-이상)PLUS액티브,10375,3,0,0.0,10376.0,1.1208,11115,115,9416
305540,2,TIGER 2차전지테마,16235,5,-15,-0.09,16277.0,-17.0919,400842,6527,9351
305720,2,KODEX 2차전지산업,13325,5,-25,-0.19,13371.0,-17.5926,694528,9281,9328
491080,6,KODEX 25-12 은행채(AAA)액티브,101120,2,20,0.02,101118.0,0.9889,129,13,9054
458760,4,TIGER 미국배당다우존스타겟커버드콜2호,10970,5,-90,-0.81,10978.0,10.5336,477853,5240,8546
436140,6,SOL 종합채권(AA-이상)액티브,113530,5,-50,-0.04,113486.0,2.5599,324,36,8411
157450,6,TIGER 단기통안채,109050,2,10,0.01,109064.0,0.7763,7871,858,8259
368590,4,RISE 미국나스닥100,23060,2,360,1.59,23099.0,22.0955,156831,3609,8002
315930,2,KODEX Top5PlusTR,20845,2,175,0.85,20854.0,-1.1242,52008,1086,7838
292150,2,TIGER TOP10,10685,2,70,0.66,10690.0,-2.7664,15644,167,7805
494900,6,TIGER 25-12 금융채(AA-이상),50300,2,5,0.01,50310.0,,10121,509,7721
446720,4,SOL 미국배당다우존스,11910,5,-80,-0.67,11924.0,12.0875,196103,2332,7575
278540,1,KODEX MSCI Korea TR,10935,2,65,0.6,10927.0,-4.3555,991,10,7458
453870,4,TIGER 인도니프티50,14020,3,0,0.0,14054.0,4.1217,275983,3864,7396
356540,6,ACE 종합채권(AA-이상)KIS액티브,106990,5,-155,-0.14,107062.0,2.4526,1073,114,7188
294400,1,KOSEF 200TR,41715,2,260,0.63,41679.0,-2.9385,157903,6588,7008
457480,4,ACE 테슬라밸류체인액티브,19035,2,985,5.46,18746.0,69.7226,1223909,23254,6967
153130,6,KODEX 단기채권,111820,2,25,0.02,111830.0,0.7843,12108,1353,6872
379780,4,RISE 미국S&P500,18970,2,115,0.61,19001.0,18.1613,170252,3224,6810
458250,6,TIGER 미국30년국채스트립액티브(합성 H),43110,5,-760,-1.73,43397.0,-11.8014,134717,5823,6515
451540,6,TIGER 종합채권(AA-이상)액티브,56125,5,-45,-0.08,56094.0,2.6029,655,36,6316
329750,6,TIGER 미국달러단기채권액티브,13045,5,-15,-0.11,13058.0,8.2469,73242,954,6153
314250,4,KODEX 미국빅테크10(H),47425,2,1140,2.46,47499.0,21.3237,49754,2358,6104
371160,4,TIGER 차이나항셍테크,7260,5,-10,-0.14,7261.0,41.3022,435287,3170,6095
411060,5,ACE KRX금현물,17875,2,135,0.76,17776.0,14.3409,245729,4392,5935
272580,6,TIGER 단기채권액티브,54945,2,15,0.03,54946.0,0.8352,3890,213,5864
329200,2,TIGER 리츠부동산인프라,4155,2,45,1.09,4154.0,-10.788,414283,1715,5715
114800,3,KODEX 인버스,4700,5,-25,-0.53,4704.0,3.7321,6689448,31432,5593
402970,4,ACE 미국배당다우존스,13135,5,-90,-0.68,13142.0,12.1045,207522,2721,5582
152100,1,PLUS 200,33220,2,200,0.61,33218.0,-3.0222,760778,25299,5581
486290,4,TIGER 미국나스닥100타겟데일리커버드콜,10595,2,145,1.39,10622.0,21.6106,346413,3669,5520
470260,6,TIGER 24-12 금융채(AA-이상),52280,3,0,0.0,52290.0,0.839,32,1,5456
396500,2,TIGER Fn반도체TOP10,9125,2,125,1.39,9143.0,-7.5501,347438,3188,5448
456610,6,TIGER 미국달러SOFR금리액티브(합성),58070,3,0,0.0,58097.0,8.2991,5527,320,5413
453810,4,KODEX 인도Nifty50,14345,5,-5,-0.03,14369.0,4.0986,118111,1690,5329
390390,4,KODEX 미국반도체MV,24030,2,520,2.21,24124.0,16.4149,99850,2397,5323
139260,2,TIGER 200 IT,26670,2,200,0.76,26712.0,-11.442,10197,272,5211
465580,4,ACE 미국빅테크TOP7 Plus,18430,2,475,2.65,18411.0,29.5454,288665,5302,5041
439870,6,KODEX 국고채30년액티브,123700,5,-290,-0.23,123095.0,6.9847,4428,548,4929
091180,2,KODEX 자동차,18045,2,20,0.11,18079.0,1.6925,33540,606,4809
196230,6,RISE 단기통안채,113725,2,25,0.02,113741.0,0.7487,1691,192,4804
462010,2,TIGER 2차전지소재Fn,4535,2,5,0.11,4539.0,-15.9555,1045791,4750,4773
477050,6,PLUS 머니마켓액티브,51400,2,10,0.02,51403.0,0.923,2264,116,4760
114260,6,KODEX 국고채3년,61790,5,-35,-0.06,61809.0,1.3109,2613,161,4632
091160,2,KODEX 반도체,28340,2,475,1.7,28369.0,-8.5644,177680,5039,4549
481060,6,KODEX 미국30년국채타겟커버드콜(합성 H),9610,5,-105,-1.08,9628.0,-6.5092,494293,4754,4546
476450,6,히어로즈 머니마켓액티브,51550,2,10,0.02,51558.0,0.8709,30870,1591,4527
161510,2,PLUS 고배당주,15105,2,55,0.37,15110.0,3.1387,132527,2007,4491
474220,4,TIGER 미국테크TOP10타겟커버드콜,14455,2,195,1.37,14475.0,29.1786,384674,5554,4430
469830,6,SOL 초단기채권액티브,52335,2,10,0.02,52341.0,0.9453,88558,4634,4348
293180,1,HANARO 200,32805,2,190,0.58,32796.0,-3.047,5203,170,4281
449180,4,KODEX 미국S&P500(H),14135,2,70,0.5,14164.0,10.0806,91563,1295,4198
466920,2,SOL 조선TOP3플러스,13975,5,-65,-0.46,13986.0,21.0344,834453,11678,4088
148070,6,KOSEF 국고채10년,119115,5,-230,-0.19,119154.0,2.0566,3319,395,4086
472870,6,RISE 미국30년국채엔화노출(합성 H),8990,5,-125,-1.37,9014.0,-9.1046,467459,4199,4014
251350,4,KODEX 선진국MSCI World,31645,2,190,0.6,31738.0,15.6391,26547,838,3971
446770,4,ACE 글로벌반도체TOP4 Plus SOLACTIVE,25280,2,410,1.65,25378.0,16.0251,25885,653,3918
226490,1,KODEX 코스피,25130,2,130,0.52,25152.0,-2.401,39792,1001,3782
479080,6,1Q 머니마켓액티브,51420,2,10,0.02,51424.0,0.9127,6474,332,3698
069660,1,KOSEF 200,32610,2,125,0.38,32647.0,-3.0415,569508,18611,3685
105190,1,ACE 200,33105,2,155,0.47,33099.0,-3.1025,25761,854,3675
441680,7,TIGER 미국나스닥100커버드콜(합성),11235,2,30,0.27,11274.0,15.3371,120118,1348,3663
385560,6,RISE KIS국고채30년Enhanced,85565,5,-345,-0.4,85362.0,9.9507,25834,2212,3619
455030,6,KODEX 미국달러SOFR금리액티브(합성),12025,3,0,0.0,12034.0,8.5288,141765,1701,3581
483280,4,KODEX 미국AI테크TOP10타겟커버드콜,11655,2,250,2.19,11685.0,27.2027,164799,1917,3415
454780,6,히어로즈 종합채권(AA-이상)액티브,111450,3,0,0.0,111316.0,2.7283,0,0,3398
448290,4,TIGER 미국S&P500TR(H),14635,2,70,0.48,14660.0,10.2991,84814,1241,3395
449190,4,KODEX 미국나스닥100(H),17070,2,240,1.43,17111.0,13.8161,71726,1224,3329
302190,6,TIGER 중장기국채,52805,5,-65,-0.12,52800.0,1.6926,9121,481,3327
091170,2,KODEX 은행,8630,2,70,0.82,8635.0,6.6799,382810,3315,3305
364980,2,TIGER 2차전지TOP10,8970,5,-5,-0.06,8997.0,-17.6228,1980644,17771,3193
473290,6,KODEX 26-12 회사채(AA-이상)액티브,10585,3,0,0.0,10581.0,1.3888,16552,175,3169
304660,6,KODEX 미국30년국채울트라선물(H),7895,5,-95,-1.19,7897.0,-7.9494,289184,2285,3063
484790,6,KODEX 미국30년국채액티브(H),9600,5,-105,-1.08,9618.0,-7.5098,469634,4516,3030
394660,4,TIGER 글로벌자율주행&전기차SOLACTIVE,11440,2,110,0.97,11507.0,21.4362,20768,237,2993
489250,4,KODEX 미국배당다우존스,11115,5,-80,-0.71,11141.0,12.0251,446578,4959,2979
439860,6,KODEX ESG종합채권(A-이상)액티브,113145,5,-20,-0.02,113139.0,1.516,2,0,2919
447770,7,TIGER 테슬라채권혼합Fn,14565,2,190,1.32,14507.0,24.7288,309296,4506,2767
451000,6,PLUS 종합채권(AA-이상)액티브,114015,5,-275,-0.24,114216.0,2.608,16,1,2755
456600,4,TIMEFOLIO 글로벌AI인공지능액티브,25825,2,590,2.34,25805.0,37.8208,81984,2112,2743
467940,6,KODEX 25-11 회사채(A+이상)액티브,10700,3,0,0.0,10699.0,0.991,14830,158,2736
496080,1,TIGER 코리아밸류업,9435,2,30,0.32,9459.0,,112147,1058,2727
143860,2,TIGER 헬스케어,36185,2,510,1.43,36187.0,-3.3984,61860,2233,2670
394670,4,TIGER 글로벌리튬&2차전지SOLACTIVE(합성),7000,2,45,0.65,7069.0,30.0,41685,291,2666
491610,6,1Q CD금리액티브(합성),100775,2,20,0.02,100786.0,,431,43,2662
241180,4,TIGER 일본니케이225,22660,2,250,1.12,22661.0,10.612,4794,108,2552
471230,6,KODEX 국고채10년액티브,113200,5,-305,-0.27,113257.0,2.1279,22616,2563,2479
463290,6,1Q 단기금융채액티브,105805,2,15,0.01,105804.0,0.882,4621,488,2465
480260,6,TIGER 27-04회사채(A+이상)액티브,52070,5,-20,-0.04,52100.0,1.4806,2156,112,2425
200250,4,KOSEF 인도Nifty50(합성),26290,2,55,0.21,26367.0,3.1452,28419,746,2379
245710,4,ACE 베트남VN30(합성),21390,5,-25,-0.12,21564.0,7.3971,8003,171,2310
438330,6,TIGER 투자등급회사채액티브,114750,5,-30,-0.03,114787.0,1.7102,1931,221,2305
488500,4,TIGER 미국S&P500동일가중,11100,5,-40,-0.36,11143.0,14.4794,527956,5855,2303
479520,6,RISE KOFR금리액티브(합성),102185,5,-5,0.0,102176.0,0.8437,11607,1186,2294
487340,6,ACE CD금리&초단기채권액티브,101710,2,25,0.02,101710.0,0.9581,6133,623,2285
475720,3,RISE 200위클리커버드콜,8520,2,20,0.24,8506.0,-2.8461,221201,1887,2283
423920,4,TIGER 미국필라델피아반도체레버리지(합성),24305,2,1115,4.81,24422.0,23.3117,104967,2542,2268
448300,4,TIGER 미국나스닥100TR(H),17570,2,255,1.47,17606.0,13.8395,93522,1643,2267
449450,2,PLUS K방산,17825,2,315,1.8,17858.0,3.182,298289,5308,2264
487230,4,KODEX 미국AI전력핵심인프라,13030,2,295,2.32,13038.0,40.4079,233022,3033,2261
466940,2,TIGER 은행고배당플러스TOP10,14250,2,120,0.85,14256.0,7.3381,345783,4935,2223
452360,4,SOL 미국배당다우존스(H),11580,5,-80,-0.69,11587.0,4.3867,171694,1987,2212
482730,4,TIGER 미국S&P500타겟데일리커버드콜,11475,2,65,0.57,11491.0,18.1404,79717,913,2197
475080,7,KODEX 테슬라커버드콜채권혼합액티브,9995,2,25,0.25,9978.0,11.2599,158139,1580,2194
251340,3,KODEX 코스닥150선물인버스,4095,5,-50,-1.21,4114.0,2.7261,23920770,97995,2162
409820,4,KODEX 미국나스닥100레버리지(합성 H),12985,2,355,2.81,13050.0,28.2233,73851,958,2156
361580,1,RISE 200TR,18030,2,95,0.53,18020.0,-3.0803,52507,947,2110
455850,2,SOL AI반도체소부장,9385,2,80,0.86,9395.0,-11.5495,95098,899,2107
143850,4,TIGER 미국S&P500선물(H),65885,2,325,0.5,65895.0,9.5222,4171,274,2075
290130,2,RISE ESG사회책임투자,12260,2,75,0.62,12294.0,0.5363,2338,28,2072
473330,6,SOL 미국30년국채커버드콜(합성),10115,5,-5,-0.05,10121.0,1.109,83652,845,2008
091230,2,TIGER 반도체,29230,2,470,1.63,29283.0,-8.6869,48937,1431,2005
388420,2,RISE 비메모리반도체액티브,8940,2,155,1.76,8943.0,-8.2986,30765,274,2004
372330,4,KODEX 차이나항셍테크,7230,5,-10,-0.14,7224.0,41.5444,63023,456,1995
495850,1,KODEX 코리아밸류업,9410,2,35,0.37,9430.0,,17782,167,1976
487240,2,KODEX AI전력핵심설비,9085,2,70,0.78,9131.0,17.4592,2755149,25094,1962
367770,2,RISE 수소경제테마,8380,2,90,1.09,8389.0,-3.2673,22546,188,1961
466950,4,TIGER 글로벌AI액티브,18615,2,425,2.34,18605.0,36.7669,146314,2720,1960
462330,2,KODEX 2차전지산업레버리지,1464,5,-10,-0.68,1474.0,-36.1905,5877724,8632,1959
228790,2,TIGER 화장품,2690,2,20,0.75,2691.0,-10.4027,1146445,3067,1946
472160,4,TIGER 미국테크TOP10 INDXX(H),15460,2,350,2.32,15450.0,20.5905,944394,14543,1933
365780,6,ACE 국고채10년,93710,5,-200,-0.21,93701.0,2.176,4668,437,1926
426030,4,TIMEFOLIO 미국나스닥100액티브,27700,2,805,2.99,27664.0,43.7466,159662,4419,1922
329650,7,KODEX TRF3070,13595,2,5,0.04,13607.0,6.1718,26318,357,1835
476690,4,TIGER 글로벌비만치료제TOP2Plus,10265,2,35,0.34,10335.0,-8.6852,27938,286,1832
132030,5,KODEX 골드선물(H),16590,2,95,0.58,16599.0,6.3507,126769,2107,1825
273140,6,KODEX 단기변동금리부채권액티브,112710,2,45,0.04,112730.0,0.7466,6,0,1802
456880,7,ACE 미국달러SOFR금리(합성),11760,5,-5,-0.04,11761.0,8.2336,17199,202,1797
192090,4,TIGER 차이나CSI300,10455,5,-45,-0.43,10468.0,31.8267,49815,520,1793
438080,7,ACE 미국S&P500채권혼합액티브,12940,2,25,0.19,12925.0,11.049,100855,1302,1786
480020,4,ACE 미국빅테크7+데일리타겟커버드콜(합성),12395,2,170,1.39,12448.0,25.5056,180952,2239,1772
395270,2,HANARO Fn K-반도체,8905,2,110,1.25,8914.0,-6.4362,22028,196,1736
483230,6,RISE 25-06 은행채(AA+이상)액티브,50915,2,15,0.03,50916.0,0.8519,116,5,1707
458210,7,히어로즈 CD금리액티브(합성),105575,2,15,0.01,105547.0,0.8358,2099,221,1684
464540,6,RISE 25-03 회사채(AA-이상)액티브,51015,2,20,0.04,51014.0,0.8563,979,49,1680
295040,1,SOL 200TR,11910,2,50,0.42,11912.0,-2.5072,42806,510,1679
363570,6,KODEX 장기종합채권(AA-이상)액티브,102080,5,-90,-0.09,101941.0,4.1222,525,53,1632
272560,6,RISE 단기국공채액티브,111445,2,25,0.02,111438.0,0.933,30,3,1630
332940,1,HANARO MSCI Korea TR,13700,2,95,0.7,13705.0,-4.9267,17,0,1630
479730,4,TIGER 인도빌리언컨슈머,10675,2,15,0.14,10706.0,-3.5993,12829,136,1628
438570,6,SOL 국고채10년,111740,5,-285,-0.25,111722.0,2.2032,388,43,1622
464930,4,TIGER 글로벌혁신블루칩TOP10,16265,2,160,0.99,16322.0,23.3154,19269,313,1610
305080,6,TIGER 미국채10년선물,12645,5,-25,-0.2,12644.0,3.3442,44524,562,1606
494890,1,KODEX 200액티브,9385,2,80,0.86,9395.0,,25644,240,1595
458260,6,TIGER 미국투자등급회사채액티브(H),49740,5,-155,-0.31,49724.0,-2.0265,7391,367,1576
451530,6,TIGER 국고채30년스트립액티브,63150,5,-285,-0.45,62983.0,11.1334,56825,3591,1567
448600,6,RISE 25-11 회사채(AA-이상)액티브,52620,2,20,0.04,52616.0,0.9461,2016,106,1565
490490,7,SOL 미국배당미국채혼합50,10545,5,-45,-0.42,10551.0,,305603,3221,1561
448540,7,ACE 엔비디아채권혼합블룸버그,22160,2,165,0.75,22198.0,10.8898,30505,675,1529
182480,7,TIGER 미국MSCI리츠(합성 H),13255,5,-75,-0.56,13390.0,-2.3873,25113,332,1518
261260,7,KODEX 미국달러선물인버스2X,5360,5,-15,-0.28,5368.0,-13.3065,175121,941,1509
414780,4,TIGER 차이나과창판STAR50(합성),8070,5,-35,-0.43,8141.0,61.2935,38035,307,1497
483320,4,ACE 엔비디아밸류체인액티브,9805,2,295,3.1,9807.0,21.5335,279588,2740,1490
461270,6,ACE 26-06 회사채(AA-이상)액티브,10875,3,0,0.0,10877.0,1.2569,7818,85,1489
480310,4,TIGER 글로벌온디바이스AI,10815,2,205,1.93,10879.0,16.8373,52693,568,1487
219480,4,KODEX 미국S&P500선물(H),27465,2,135,0.49,27491.0,9.759,7955,218,1469
364960,2,TIGER BBIG,6165,5,-5,-0.08,6180.0,1.6474,18818,116,1464
461490,7,RISE 글로벌자산배분액티브,13015,2,65,0.5,12990.0,8.9608,190962,2481,1445
435420,7,TIGER 미국나스닥100TR채권혼합Fn,13095,2,50,0.38,13096.0,7.5787,94907,1243,1421
422420,2,RISE 2차전지액티브,6955,5,-10,-0.14,6966.0,-14.3297,43067,299,1409
244580,2,KODEX 바이오,7855,2,170,2.21,7885.0,-6.6222,153638,1205,1408
434060,7,KODEX TDF2050액티브,14575,2,50,0.34,14577.0,12.1708,65745,957,1399
328370,1,PLUS 코스피TR,13275,5,-15,-0.11,13311.0,-1.9189,63,0,1367
472170,7,TIGER 미국테크TOP10채권혼합,13160,2,150,1.15,13119.0,11.9621,131678,1728,1355
277630,1,TIGER 코스피,25455,2,195,0.77,25439.0,-2.5952,28497,726,1349
309230,4,ACE 미국WideMoat동일가중,28405,5,-55,-0.19,28402.0,12.3302,25290,717,1329
480030,4,ACE 미국500데일리타겟커버드콜(합성),11205,3,0,0.0,11188.0,18.6104,122972,1378,1322
476800,7,KODEX 한국부동산리츠인프라,4635,2,40,0.87,4649.0,-10.6006,602642,2788,1316
461950,2,KODEX 2차전지핵심소재10,4645,5,-10,-0.21,4653.0,-16.277,406956,1899,1315
455860,2,SOL 2차전지소부장Fn,4325,2,10,0.23,4332.0,-17.6527,321340,1391,1306
490090,4,TIGER 미국AI빅테크10,11935,2,220,1.88,11943.0,26.1033,262491,3125,1295
448880,6,ACE 24-12 회사채(AA-이상)액티브,106425,3,0,0.0,106436.0,0.8385,3583,381,1293
481180,4,SOL 미국AI소프트웨어,13735,2,135,0.99,13785.0,30.2681,378987,5216,1291
481190,4,SOL 미국테크TOP10,13595,2,305,2.29,13600.0,29.0917,101455,1375,1258
364970,2,TIGER 바이오TOP10,7150,2,60,0.85,7150.0,-4.1892,362658,2596,1248
463050,2,TIMEFOLIO K바이오액티브,11280,2,230,2.08,11323.0,-2.0825,1222999,13801,1246
433330,4,SOL 미국S&P500,18100,2,100,0.56,18129.0,18.2809,22642,409,1231
466400,6,1Q 25-08 회사채(A+이상)액티브,106885,2,35,0.03,106887.0,0.9018,2180,232,1226
304940,4,KODEX 미국나스닥100선물(H),25350,2,385,1.54,25400.0,13.5546,7339,185,1217
441640,4,KODEX 미국배당커버드콜액티브,12170,5,-45,-0.37,12185.0,15.9604,150912,1831,1211
282000,3,RISE 국고채3년선물인버스,108920,2,85,0.08,108925.0,0.2533,20,2,1208
326240,2,RISE IT플러스,14780,2,55,0.37,14795.0,-4.8773,3325,49,1203
475260,6,ACE 2월만기자동연장회사채AA-이상액티브,10365,2,5,0.05,10368.0,0.7782,21,0,1202
461460,6,PLUS 국고채10년액티브,55715,5,-200,-0.36,55768.0,1.9695,17,0,1191
462900,2,KoAct 바이오헬스케어액티브,13035,2,230,1.8,13039.0,-2.6976,348890,4553,1173
168580,4,ACE 중국본토CSI300,28600,5,-70,-0.24,28612.0,33.1939,1733,49,1173
497570,4,TIGER 미국필라델피아AI반도체나스닥,10465,2,285,2.8,10484.0,,733831,7666,1172
232080,1,TIGER 코스닥150,11720,2,100,0.86,11768.0,-3.8478,1745988,20433,1172
418660,4,TIGER 미국나스닥100레버리지(합성),27120,2,815,3.1,27237.0,47.9055,44501,1203,1166
270810,1,RISE 코스닥150,11350,2,80,0.71,11403.0,-3.9216,457837,5209,1160
483290,4,KODEX 미국배당다우존스타겟커버드콜,10720,5,-80,-0.74,10729.0,10.1928,104117,1114,1158
493810,4,TIGER 미국AI빅테크10타겟데일리커버드콜,11165,2,170,1.55,11229.0,,192695,2149,1156
462540,6,SOL 25-09 회사채(AA-이상)액티브,53405,2,5,0.01,53410.0,0.9165,4,0,1151
437080,6,KODEX 미국종합채권ESG액티브(H),102330,5,-185,-0.18,102389.0,-1.8338,334,34,1148
476750,6,ACE 미국30년국채엔화노출액티브(H),9670,5,-90,-0.92,9690.0,-9.2769,90375,872,1141
412770,4,TIGER 글로벌메타버스액티브,11870,2,100,0.85,11955.0,30.3433,5554,65,1136
275980,4,TIGER 글로벌4차산업혁신기술(합성 H),17405,2,135,0.78,17552.0,8.0725,4534,78,1135
472920,6,HK 종합채권(AA-이상)액티브,110170,3,0,0.0,110116.0,2.5791,0,0,1122
245340,4,TIGER 미국다우존스30,30975,5,-145,-0.47,31060.0,16.8782,15515,480,1121
190620,6,ACE 단기통안채,103730,2,20,0.02,103743.0,0.8067,6723,697,1113
453010,7,PLUS KOFR금리,106205,2,5,0.0,106210.0,0.8116,3419,363,1107
494300,4,KODEX 미국나스닥100데일리커버드콜OTM,10865,2,100,0.93,10890.0,,782797,8492,1097
488980,6,SOL 26-12 회사채(AA-이상)액티브,50640,5,-10,-0.02,50655.0,,26097,1321,1094
465780,6,마이티 26-09 특수채(AAA)액티브,107505,2,15,0.01,107511.0,1.2623,88,9,1086
157490,2,TIGER 소프트웨어,8385,5,-65,-0.77,8406.0,16.311,42333,357,1072
385550,6,RISE 단기종합채권(AA-이상)액티브,110705,2,35,0.03,110706.0,0.8934,477,52,1069
401470,2,KODEX K-메타버스액티브,6670,2,20,0.3,6675.0,7.5181,27214,182,1064
468820,6,WON 25-09 회사채(AA-이상)액티브,53830,2,20,0.04,53823.0,1.0421,26,1,1059
495710,6,BNK 26-06 특수채(AAA이상)액티브,50070,2,10,0.02,50068.0,,5,0,1058
130730,6,KOSEF 단기자금,104875,2,20,0.02,104886.0,0.8269,6732,706,1054
489870,6,히어로즈 25-09 회사채(AA-이상)액티브,50405,3,0,0.0,50432.0,,0,0,1048
486450,4,SOL 미국AI전력인프라,13350,2,315,2.42,13346.0,42.0708,145157,1932,1048
401170,2,RISE 메타버스,5855,5,-15,-0.26,5864.0,7.7064,4472,26,1028
204480,4,TIGER 차이나CSI300레버리지(합성),19870,2,55,0.28,20085.0,70.0858,4754,93,1025
325020,2,KODEX 배당가치,13450,2,70,0.52,13452.0,0.1272,2081,28,1022
228800,2,TIGER 여행레저,3020,5,-10,-0.33,3028.0,-0.329,63818,193,1002
302450,1,RISE 코스피,25325,2,100,0.4,25392.0,-2.6213,2633,66,1000
292560,7,TIGER 일본엔선물,8920,5,-25,-0.28,8927.0,-0.6663,49554,442,999
283580,4,KODEX 차이나CSI300,12885,5,-75,-0.58,12872.0,32.6509,21065,271,999
451060,1,1Q K200액티브,10380,2,35,0.34,10395.0,-3.0914,815,8,996
465350,3,RISE 2차전지TOP10인버스(합성),33075,2,60,0.18,33053.0,13.4536,124316,4109,992
461260,6,ACE 25-06 회사채(AA-이상)액티브,10715,5,-5,-0.05,10720.0,0.8941,2760,29,985
471990,2,KODEX AI반도체핵심장비,7995,2,40,0.5,7996.0,-11.4636,334541,2695,963
114820,6,TIGER 국채3년,107525,5,-100,-0.09,107568.0,1.3274,398,42,954
441800,1,TIMEFOLIO Korea플러스배당액티브,13185,2,90,0.69,13194.0,3.4115,56456,744,947
332930,1,HANARO 200TR,41745,2,285,0.69,41746.0,-2.6989,486,20,939
473440,6,ACE 11월만기자동연장회사채AA-이상액티브,10455,3,0,0.0,10454.0,0.9169,588,6,938
429000,4,TIGER 미국S&P500배당귀족,12775,5,-85,-0.66,12783.0,9.2329,27092,345,933
471760,2,TIGER AI반도체핵심공정,7780,2,100,1.3,7770.0,-11.3676,146558,1150,922
445290,2,KODEX K-로봇액티브,12035,2,10,0.08,12034.0,-0.9065,18899,227,921
461500,6,HANARO 종합채권(AA-이상)액티브,113580,5,-110,-0.1,113614.0,2.5805,216,24,920
400970,2,TIGER Fn메타버스,6615,2,15,0.23,6617.0,7.8431,25675,169,916
419890,6,히어로즈 단기채권ESG액티브,109795,2,5,0.0,109812.0,1.0911,15005,1647,911
465610,4,ACE 미국빅테크TOP7 Plus레버리지(합성),30000,2,1465,5.13,29984.0,63.1503,44148,1318,900
472150,2,TIGER 배당커버드콜액티브,9830,2,70,0.72,9855.0,-1.7714,11290,110,894
476070,4,KODEX 글로벌비만치료제TOP2 Plus,11300,2,40,0.36,11472.0,-7.3633,29690,335,887
486830,6,HANARO 머니마켓액티브,50770,2,5,0.01,50778.0,0.9244,862,43,883
144600,5,KODEX 은선물(H),5830,2,25,0.43,5837.0,11.1004,136903,800,869
480040,4,ACE 미국반도체데일리타겟커버드콜(합성),10115,2,65,0.65,10172.0,11.3901,57465,583,860
449770,4,KOSEF 미국S&P500,17440,2,105,0.61,17477.0,18.3842,1416,24,855
492500,7,1Q 현대차그룹채권(A+이상)&국고통안,50365,5,-10,-0.02,50377.0,,75,3,846
485540,4,KODEX 미국AI테크TOP10,11590,2,260,2.29,11600.0,27.8636,50351,582,846
438100,7,ACE 미국나스닥100채권혼합액티브,13490,2,80,0.6,13470.0,12.1237,70528,949,836
228810,2,TIGER 미디어컨텐츠,5200,5,-40,-0.76,5220.0,26.57,81748,427,836
452250,6,ACE 미국30년국채선물레버리지(합성 H),6220,5,-125,-1.97,6212.0,-16.7869,96203,599,833
284430,6,KODEX 200미국채혼합,12850,2,50,0.39,12814.0,0.5498,16990,218,833
481430,6,RISE 국고채10년액티브,107025,5,-230,-0.21,107037.0,2.0892,6040,646,829
139230,2,TIGER 200 중공업,5305,2,30,0.57,5317.0,15.3005,172760,918,818
498180,6,파워 종합채권(AA-이상)액티브,101625,3,0,0.0,101544.0,,0,0,805
325010,2,KODEX 성장주,13410,2,60,0.45,13441.0,-0.7435,1833,24,805
475280,6,ACE 8월만기자동연장회사채AA-이상액티브,10355,2,5,0.05,10350.0,0.9263,50,0,790
478150,4,TIMEFOLIO 글로벌우주테크&방산액티브,13400,2,100,0.75,13391.0,22.8637,60980,815,764
150460,2,TIGER 중국소비테마,5700,2,15,0.26,5796.0,-8.6013,12473,70,761
136340,6,RISE 중기우량회사채,106635,2,10,0.01,106625.0,1.264,1138,121,758
266420,2,KODEX 헬스케어,16295,2,230,1.43,16327.0,-3.0477,18337,299,750
412570,2,TIGER 2차전지TOP10레버리지,1574,3,0,0.0,1584.0,-35.886,663745,1049,743
267770,3,TIGER 200선물레버리지,11085,2,120,1.09,11075.0,-8.2427,41749,463,743
174360,4,RISE 중국본토대형주CSI100,18850,5,-25,-0.13,18850.0,29.2808,2176,40,735
476760,6,ACE 미국30년국채액티브,10425,5,-125,-1.18,10465.0,-1.2727,74716,778,730
464240,6,히어로즈 26-09 회사채(AA-이상)액티브,52430,5,-10,-0.02,52471.0,1.2628,681,35,729
252710,3,TIGER 200선물인버스2X,2640,5,-30,-1.12,2640.0,5.9523,1118939,2947,729
438560,6,SOL 국고채3년,107120,5,-55,-0.05,107029.0,1.3762,85,9,719
463300,4,RISE 중국본토CSI300,10820,5,-110,-1.01,11069.0,32.2444,921,10,714
458750,4,TIGER 미국배당다우존스타겟커버드콜1호,11990,5,-105,-0.87,12003.0,11.6718,40825,488,713
225040,4,TIGER 미국S&P500레버리지(합성 H),48820,2,530,1.1,48996.0,20.1393,3805,185,713
448330,1,KODEX 삼성전자채권혼합,10435,5,-5,-0.05,10454.0,-4.0316,41761,435,710
261220,5,KODEX WTI원유선물(H),14525,2,230,1.61,14527.0,6.5598,122199,1777,708
414270,4,ACE G2전기차&자율주행액티브,11830,2,210,1.81,11825.0,43.2799,56057,662,698
236350,4,TIGER 인도니프티50레버리지(합성),46450,2,85,0.18,46852.0,6.1591,972,45,697
278240,3,RISE 코스닥150선물레버리지,7820,2,205,2.69,7827.0,-10.5696,19045,150,684
195980,4,PLUS 신흥국MSCI(합성 H),10040,2,45,0.45,10062.0,4.3319,6897,69,681
139280,2,TIGER 경기방어,9880,2,55,0.56,9891.0,-1.7599,2568,25,666
491230,6,PLUS 국공채머니마켓액티브,50510,2,5,0.01,50516.0,0.9191,13,0,650
269540,4,PLUS 미국S&P500(H),24670,2,150,0.61,24711.0,10.4504,1065,26,641
497880,6,SOL CD금리&머니마켓액티브,50120,2,10,0.02,50122.0,,36403,1824,637
399110,4,SOL 미국S&P500ESG,17160,2,100,0.59,17147.0,17.6714,41994,720,635
310960,1,TIGER 200TR,18615,2,100,0.54,18614.0,-3.1136,24970,465,633
464310,4,TIGER 글로벌AI&로보틱스 INDXX,13740,2,105,0.77,13740.0,21.2,15263,209,632
138540,2,TIGER 현대차그룹+펀더멘털,26320,2,130,0.5,26301.0,2.3886,4961,130,632
437070,6,KODEX 아시아달러채권ESG플러스액티브,60680,3,0,0.0,60629.0,6.1767,0,0,626
308620,6,KODEX 미국10년국채선물,11920,5,-20,-0.17,11914.0,2.4892,31055,369,620
278620,6,PLUS 단기채권액티브,115480,2,30,0.03,115477.0,1.0238,402,46,618
261240,7,KODEX 미국달러선물,14030,5,-5,-0.04,14046.0,8.2529,32470,455,610
489570,6,HANARO 25-12 은행채(AA+이상)액티브,10075,2,5,0.05,10072.0,,6067,61,610
411420,4,KODEX 미국메타버스나스닥액티브,15520,2,395,2.61,15566.0,39.2084,18597,288,598
266160,2,RISE 고배당,13215,2,85,0.65,13222.0,-0.9804,2206,29,588
203780,4,TIGER 미국나스닥바이오,23970,5,-110,-0.46,24082.0,2.2939,10983,264,585
204450,4,KODEX 차이나H레버리지(H),2075,5,-5,-0.24,2078.0,41.7859,190492,396,583
315960,2,RISE 대형고배당10TR,17935,2,140,0.79,17944.0,-1.5492,5042,90,583
395290,2,HANARO Fn K-POP&미디어,6915,5,-15,-0.22,6922.0,24.9774,26445,183,574
319640,4,TIGER 골드선물(H),17690,2,120,0.68,17695.0,6.2594,14345,254,566
453330,4,RISE 미국S&P500(H),14890,2,85,0.57,14907.0,10.0907,8482,126,566
473460,4,KODEX 미국서학개미,18860,2,410,2.22,18834.0,47.955,499250,9396,566
233160,3,TIGER 코스닥150 레버리지,7740,2,155,2.04,7755.0,-10.3428,365144,2833,565
483330,4,ACE 마이크로소프트밸류체인액티브,12790,2,255,2.03,12740.0,31.1192,31549,402,563
442320,4,RISE 글로벌원자력,20140,2,285,1.44,20399.0,38.266,39657,799,554
329660,7,KODEX TRF5050,16215,2,40,0.25,16211.0,8.5206,10190,165,551
423170,4,SOL 한국형글로벌반도체액티브,18135,2,305,1.71,18218.0,10.4024,3634,65,548
455960,6,RISE 미국달러SOFR금리액티브(합성),11705,2,10,0.09,11726.0,8.3873,501,5,544
440640,6,ACE 단기채권알파액티브,108765,2,25,0.02,108762.0,0.8719,6525,709,536
487910,4,ACE 인도컨슈머파워액티브,10765,5,-55,-0.51,10729.0,6.1825,4800,51,533
456680,4,TIGER 차이나전기차레버리지(합성),6250,5,-20,-0.32,6300.0,78.8873,23099,144,525
461600,6,SOL 미국30년국채액티브(H),9260,5,-105,-1.12,9283.0,-7.9607,11327,105,523
464920,4,PLUS 일본반도체소부장,13220,2,160,1.23,13216.0,8.2469,1334,17,522
489030,2,PLUS 고배당주위클리커버드콜,10090,5,-15,-0.15,10076.0,3.2914,155085,1565,520
454320,2,HANARO CAPEX설비투자iSelect,13520,2,105,0.78,13515.0,3.8714,11491,155,507
483340,4,ACE 구글밸류체인액티브,11295,2,365,3.34,11245.0,28.6639,130181,1468,503
272910,6,ACE 중장기국공채액티브,106860,5,-125,-0.12,106835.0,1.7935,202,21,500
484890,6,SOL 머니마켓액티브,50870,2,5,0.01,50874.0,0.8925,10330,525,500
280930,4,KODEX 미국러셀2000(H),14440,2,40,0.28,14459.0,14.0594,109697,1585,498
395170,2,KODEX Top10동일가중,7270,2,60,0.83,7274.0,-3.8026,127,0,494
447620,7,SOL 미국TOP5채권혼합40 Solactive,13730,2,190,1.4,13657.0,10.5757,14973,205,494
152380,6,KODEX 국채선물10년,70350,5,-210,-0.3,70360.0,2.1276,1025,72,494
329670,7,KODEX TRF7030,18935,2,70,0.37,18907.0,11.4623,17811,337,492
322400,2,HANARO e커머스,9895,5,-45,-0.45,9900.0,9.8342,2765,27,490
494310,2,KODEX 반도체레버리지,7300,2,275,3.91,7338.0,,33072,243,489
477730,4,KODEX 인도타타그룹,10835,2,25,0.23,10902.0,-0.5978,5368,58,488
245360,4,TIGER 차이나HSCEI,11470,2,15,0.13,11447.0,30.3927,5046,57,487
261270,7,KODEX 미국달러선물인버스,7910,5,-10,-0.13,7914.0,-6.4383,13259,105,487
407830,4,에셋플러스 글로벌플랫폼액티브,13530,2,305,2.31,13531.0,46.9444,145110,1957,487
469150,2,ACE AI반도체포커스,12040,2,220,1.86,12045.0,-8.7259,32995,398,482
251600,7,PLUS 고배당주채권혼합,12540,2,10,0.08,12547.0,2.0607,14846,186,477
491220,1,PLUS 200TR,37735,2,165,0.44,37755.0,-2.6937,119,4,472
465660,4,TIGER 일본반도체FACTSET,11745,2,175,1.51,11749.0,3.8972,9875,115,470
403790,1,마이다스 코스피액티브,19395,2,155,0.81,19396.0,-1.9868,15420,297,465
114100,6,RISE 국고채3년,109875,5,-50,-0.05,109854.0,1.3329,46,5,459
484880,2,SOL 금융지주플러스고배당,11175,2,105,0.95,11185.0,6.2992,65538,734,458
434730,2,HANARO 원자력iSelect,17315,2,240,1.41,17354.0,6.2538,16157,280,450
453080,4,KOSEF 미국나스닥100(H),17720,2,270,1.55,17756.0,13.7548,87204,1545,443
426150,6,WON 대한민국국고채액티브,58520,5,-80,-0.14,58468.0,3.8914,518,30,440
429760,4,PLUS 미국S&P500,16115,2,95,0.59,16139.0,17.9675,604,9,435
494670,2,TIGER 조선TOP10,11230,5,-90,-0.8,11252.0,,313072,3522,432
123320,3,TIGER 레버리지,14305,2,165,1.17,14292.0,-8.1222,71903,1030,429
475350,4,RISE 버크셔포트폴리오TOP10,12950,2,20,0.15,12892.0,14.4754,37339,483,427
490600,4,RISE 미국배당100데일리고정커버드콜,10400,2,10,0.1,10396.0,,50074,520,426
441540,2,HANARO Fn조선해운,14545,5,-75,-0.51,14602.0,19.4932,32879,481,422
099140,4,KODEX 차이나H,19610,2,5,0.03,19615.0,30.9181,3556,69,422
400570,4,KODEX 유럽탄소배출권선물ICE(H),10155,2,50,0.49,10178.0,3.2175,9092,92,417
469070,2,RISE AI&로봇,7765,5,-5,-0.06,7783.0,7.0247,62834,490,415
122260,6,KOSEF 통안채1년,106250,2,35,0.03,106249.0,0.9312,13,1,414
266360,2,KODEX 미디어&엔터테인먼트,11815,5,-65,-0.55,11830.0,16.4705,15796,187,414
448490,6,HANARO 32-10 국고채액티브,58050,5,-135,-0.23,58002.0,2.5286,1607,93,413
460960,7,ACE 글로벌인컴TOP10 SOLACTIVE,11575,5,-10,-0.09,11553.0,11.2444,14159,163,411
276970,4,KODEX 미국S&P500배당귀족커버드콜(합성 H),8720,5,-50,-0.57,8686.0,2.3576,5367,46,410
464470,6,PLUS 미국채30년액티브,54235,5,-550,-1.0,54357.0,-0.9313,3787,205,409
475380,7,RISE 글로벌리얼티인컴,10575,5,-25,-0.24,10568.0,-0.3854,8061,85,407
473490,4,KOSEF 글로벌AI반도체,15925,2,270,1.72,16030.0,18.3474,7685,122,406
336160,6,RISE 금융채액티브,103130,5,-35,-0.03,103107.0,1.4963,70,7,404
385720,1,TIMEFOLIO 코스피액티브,8915,2,100,1.13,8907.0,-1.728,2288,20,401
385510,2,KODEX K-신재생에너지액티브,15940,2,25,0.16,15949.0,-4.4432,3116,49,399
453820,4,KODEX 인도Nifty50레버리지(합성),18535,5,-65,-0.35,18671.0,5.802,2756,50,399
152870,1,파워 200,33020,2,235,0.72,32935.0,-2.98,1030,34,396
227540,2,TIGER 200 헬스케어,19445,2,315,1.65,19451.0,-4.1344,7507,145,393
491010,4,TIGER 글로벌AI인프라액티브,13840,2,360,2.67,13797.0,35.5455,56330,776,388
261250,7,KODEX 미국달러선물레버리지,16195,3,0,0.0,16206.0,16.0931,18660,301,384
371450,4,TIGER 글로벌클라우드컴퓨팅INDXX,13115,2,60,0.46,13239.0,42.9901,17332,228,383
248270,4,TIGER S&P글로벌헬스케어(합성),23350,5,-150,-0.64,23425.0,-3.2126,1057,24,383
352560,7,KODEX 미국부동산리츠(H),12470,5,-60,-0.48,12497.0,-2.951,10913,136,380
108450,2,ACE 삼성그룹섹터가중,13450,2,145,1.09,13451.0,-10.7646,1542,20,377
458030,6,WON 단기국공채액티브,52995,2,10,0.02,53007.0,0.8949,2001,106,374
363580,2,KODEX 200IT TR,10365,2,130,1.27,10378.0,-11.5003,639,6,373
117700,2,KODEX 건설,2775,3,0,0.0,2777.0,-10.6281,30796,85,372
466930,2,SOL 자동차TOP3플러스,10420,2,30,0.29,10439.0,1.267,7721,80,370
138230,7,KOSEF 미국달러선물,15945,5,-25,-0.16,15972.0,8.1245,83,1,368
123310,3,TIGER 인버스,5260,5,-30,-0.57,5256.0,4.0314,101011,530,368
465330,2,RISE 2차전지TOP10,9325,5,-5,-0.05,9352.0,-15.3358,140313,1310,361
365000,2,TIGER 인터넷TOP10,3975,5,-10,-0.25,3980.0,24.5312,141168,564,360
491090,4,KODEX 미국테크1조달러기업포커스,12840,2,210,1.66,12944.0,24.1887,5942,76,360
337160,2,KODEX 200ESG,13260,2,90,0.68,13256.0,1.3466,191,2,358
195930,4,TIGER 유로스탁스50(합성 H),17745,2,110,0.62,17829.0,4.939,533,9,355
279530,2,KODEX 고배당,10380,2,70,0.68,10389.0,2.9661,11068,115,353
332620,6,PLUS 미국장기우량회사채,98495,5,-515,-0.52,98625.0,3.1031,1853,182,352
434960,1,DAISHIN343 K200,33195,2,445,1.36,32939.0,-2.5124,1,0,349
368190,2,HANARO Fn K-뉴딜디지털플러스,7385,2,40,0.54,7365.0,-3.228,3,0,343
371470,4,TIGER 차이나바이오테크SOLACTIVE,5980,5,-60,-0.99,5999.0,26.096,6821,40,342
332500,1,ACE 200TR,21345,2,90,0.42,21352.0,-2.9896,3753,80,342
468380,6,KODEX iShares미국하이일드액티브,11600,5,-10,-0.09,11601.0,9.1062,40792,472,341
469170,2,ACE 포스코그룹포커스,4540,2,20,0.44,4552.0,-22.3368,59832,272,338
237350,1,KODEX 코스피100,25445,2,100,0.39,25462.0,-2.8183,13430,342,331
471040,4,KoAct 글로벌AI&로봇액티브,15380,2,375,2.5,15370.0,24.8336,18750,288,331
388280,2,RISE 컨택트대표,5995,2,5,0.08,6005.0,3.5436,330,1,329
475270,6,ACE 5월만기자동연장회사채AA-이상액티브,10360,2,10,0.1,10355.0,0.7789,158,1,328
476030,4,SOL 미국나스닥100,13125,2,200,1.55,13147.0,22.0145,50388,660,328
295020,6,RISE 국채선물10년인버스,53400,2,275,0.52,53365.0,-0.6546,2,0,328
426020,4,TIMEFOLIO 미국S&P500액티브,22390,2,395,1.8,22418.0,27.9522,16720,373,327
472830,6,RISE 미국30년국채커버드콜(합성),9855,5,-45,-0.45,9862.0,1.7158,3667,36,325
476850,1,KoAct 배당성장액티브,9245,2,35,0.38,9269.0,-1.8856,3951,36,324
298770,4,KODEX 한국대만IT프리미어,24785,2,225,0.92,24887.0,9.9324,9461,234,322
167860,6,KOSEF 국고채10년레버리지,118390,5,-610,-0.51,118404.0,3.2896,86,10,320
102970,2,KODEX 증권,7695,2,90,1.18,7691.0,2.0805,20522,157,315
498400,2,KODEX 200타겟위클리커버드콜,9775,2,30,0.31,9794.0,,541933,5303,313
287180,4,PLUS 미국나스닥테크,36750,2,595,1.65,36843.0,17.0064,1172,42,312
479620,4,SOL 미국AI반도체칩메이커,10720,2,285,2.73,10757.0,14.7964,13384,143,311
300640,2,RISE 게임테마,8755,2,60,0.69,8759.0,5.7142,2099,18,311
304780,3,HANARO 200선물레버리지,16135,2,200,1.26,16103.0,-8.235,2131,34,307
421320,2,PLUS 우주항공&UAM,12765,2,245,1.96,12781.0,0.8051,10360,132,306
444490,4,WON 미국S&P500,16370,2,115,0.71,16389.0,17.8325,15488,253,303
440340,7,TIGER 글로벌멀티에셋TIF액티브,11620,5,-10,-0.09,11639.0,9.5206,1562,18,302
495050,1,RISE 코리아밸류업,9445,2,55,0.59,9432.0,,917,8,293
394350,4,KOSEF 글로벌퓨처모빌리티,12185,2,80,0.66,12283.0,23.7097,842,10,292
438320,4,TIGER 차이나항셍테크레버리지(합성 H),7055,2,5,0.07,7030.0,60.4095,60827,432,292
160580,5,TIGER 구리실물,11555,2,40,0.35,11626.0,8.7346,4217,48,292
256750,4,KODEX 차이나심천ChiNext(합성),10195,5,-25,-0.24,10207.0,53.7998,4690,47,292
495230,1,KoAct 코리아밸류업액티브,9535,2,60,0.63,9548.0,,2434,23,291
332610,6,PLUS 미국단기회사채(AAA~A),128470,2,60,0.05,128512.0,7.2765,131,16,290
271060,5,KODEX 3대농산물선물(H),8530,5,-30,-0.35,8511.0,1.3617,7167,61,289
475050,2,ACE KPOP포커스,8180,5,-15,-0.18,8204.0,36.0165,62795,516,282
359210,1,KODEX 코스피TR,12265,2,65,0.53,12266.0,-2.517,11191,137,282
354350,4,HANARO 글로벌럭셔리S&P(합성),20175,2,135,0.67,20329.0,19.3212,2651,53,276
473590,4,ACE 미국주식베스트셀러,18365,2,400,2.23,18362.0,46.4737,78436,1436,275
469160,4,ACE 일본반도체,11475,2,235,2.09,11430.0,4.6067,192,2,275
272570,6,RISE 중장기국공채액티브,109665,5,-90,-0.08,109660.0,1.705,9,0,273
211560,2,TIGER 배당성장,19120,2,85,0.45,19138.0,-0.5746,751,14,270
256440,4,ACE 인도네시아MSCI(합성),10270,5,-55,-0.53,10343.0,-2.4103,4351,44,267
395160,2,KODEX 시스템반도체,7705,2,25,0.33,7725.0,-10.6458,46903,363,262
367760,2,RISE 5G테크,9340,2,155,1.69,9349.0,-8.196,394,3,262
445150,2,KODEX K-친환경조선해운액티브,13685,5,-75,-0.55,13705.0,16.4128,9408,129,260
496120,1,ACE 코리아밸류업,9610,2,70,0.73,9625.0,,1681,16,259
169950,4,KODEX 차이나A50,21610,5,-125,-0.58,21800.0,26.2561,2053,44,259
493420,4,SOL 미국배당다우존스TR,10800,5,-80,-0.74,10816.0,,98762,1066,259
387270,4,TIGER 글로벌이노베이션액티브,17250,2,230,1.35,17288.0,20.5809,346,5,259
276650,4,RISE 글로벌테크놀로지(합성 H),32325,2,585,1.84,32311.0,12.2744,302,9,259
218420,4,KODEX 미국S&P500에너지(합성),14990,5,-85,-0.56,15022.0,13.7735,5031,75,258
360140,2,KODEX 200롱코스닥150숏선물,9175,5,-45,-0.49,9179.0,-0.7535,42338,388,257
200030,4,KODEX 미국S&P500산업재(합성),34275,5,-135,-0.39,34397.0,15.839,5398,184,257
469060,4,RISE 미국반도체NYSE,15065,2,290,1.96,15140.0,9.5986,10717,161,256
469050,4,RISE 미국반도체NYSE(H),13840,2,290,2.14,13893.0,1.8796,1229,16,256
453650,4,KODEX 미국S&P500금융,17635,2,20,0.11,17619.0,20.5763,28460,500,256
326230,2,RISE 내수주플러스,8340,2,85,1.03,8323.0,-2.4232,2,0,255
448570,1,FOCUS AI코리아액티브,11600,2,40,0.35,11607.0,-4.1062,110,1,255
487920,4,ACE 인도시장대표BIG5그룹액티브,9730,2,50,0.52,9766.0,-4.8181,2886,28,253
101280,4,KODEX 일본TOPIX100,22570,2,245,1.1,22679.0,10.1381,5520,124,253
494840,4,TIGER 미국방산TOP10,9495,5,-65,-0.68,9598.0,,23163,219,252
419430,4,KODEX 차이나2차전지MSCI(합성),6595,5,-120,-1.79,6712.0,32.9702,3731,24,251
289480,3,TIGER 200커버드콜,8090,2,10,0.12,8100.0,1.5458,2828,22,243
453640,4,KODEX 미국S&P500헬스케어,12330,5,-180,-1.44,12382.0,-1.2239,14738,181,240
453950,4,TIGER TSMC파운드리밸류체인,15475,2,285,1.88,15461.0,8.8888,4928,75,240
471460,6,히어로즈 국고채30년액티브,66540,5,-250,-0.37,66381.0,7.7327,5409,360,240
496020,6,WON 전단채플러스액티브,50255,2,10,0.02,50252.0,,10000,502,237
261120,7,TIGER 미국달러선물인버스2X,5385,5,-25,-0.46,5382.0,-12.8123,5859,31,237
138520,2,TIGER 삼성그룹펀더멘털,10695,2,95,0.9,10691.0,-10.8495,10907,116,235
252420,3,RISE 200선물인버스2X,2500,5,-25,-0.99,2500.0,5.6485,192436,478,235
237370,7,KODEX 배당성장채권혼합,13035,2,35,0.27,13038.0,0.3084,5452,71,235
277540,4,ACE 아시아TOP50S&P,16620,2,90,0.54,16620.0,17.484,161,2,233
271050,5,KODEX WTI원유선물인버스(H),4285,5,-65,-1.49,4277.0,-8.2279,203163,869,232
495940,4,RISE 미국AI테크액티브,11060,2,300,2.79,11036.0,,123471,1362,232
451600,6,PLUS 국고채30년액티브,118980,5,-785,-0.66,119152.0,7.6345,97,11,232
440910,4,WON 미국우주항공방산,16560,2,130,0.79,16522.0,20.1462,20048,329,232
474590,2,WON 반도체밸류체인액티브,7965,2,175,2.25,7976.0,-8.4069,324,2,231
140700,2,KODEX 보험,9880,2,90,0.92,9890.0,-0.6596,11509,114,227
238720,4,ACE 일본Nikkei225(H),28275,2,430,1.54,28255.0,11.6703,2472,69,226
457700,6,KODEX 53-09 국고채액티브,12560,3,0,0.0,12517.0,7.3963,15040,188,222
457690,6,KODEX 33-06 국고채액티브,11055,5,-15,-0.14,11043.0,2.1688,1872,20,222
488080,3,TIGER 반도체TOP10레버리지,4375,2,145,3.43,4391.0,-19.6582,242405,1072,221
213610,2,KODEX 삼성그룹밸류,7850,2,105,1.36,7838.0,-10.9771,1775,13,220
261070,2,TIGER 코스닥150바이오테크,12425,2,210,1.72,12463.0,-0.4077,24958,312,219
276990,4,KODEX 글로벌로봇(합성),19245,2,45,0.23,19360.0,18.0086,2310,44,218
483240,4,TIGER 미국나스닥100ETF선물,10850,2,155,1.45,10839.0,,441,4,217
396520,4,TIGER 차이나반도체FACTSET,7045,5,-5,-0.07,7008.0,53.9301,6279,44,217
450910,1,SOL 코스닥150,11290,2,190,1.71,11283.0,-3.8962,704,7,217
483420,4,ACE 애플밸류체인액티브,10795,2,145,1.36,10911.0,14.2703,26727,287,216
363510,6,SOL KIS단기통안채,109050,2,40,0.04,109046.0,0.7672,1,0,215
196030,4,ACE 일본TOPIX레버리지(H),42950,2,1070,2.55,42963.0,17.69,176,7,215
375770,2,KODEX 탄소효율그린뉴딜,8145,2,45,0.56,8154.0,-3.2259,315,2,212
463680,4,KODEX 미국S&P500테크놀로지,15025,2,250,1.69,15027.0,20.0633,7341,110,210
433970,7,KODEX TDF2030액티브,13095,2,5,0.04,13100.0,7.8076,3807,49,210
250730,4,RISE 차이나HSCEI(H),8720,2,5,0.06,8714.0,22.8329,3418,29,209
496090,1,KOSEF 코리아밸류업,9400,2,10,0.11,9417.0,,120047,1130,207
210780,2,TIGER 코스피고배당,15070,2,60,0.4,15066.0,2.787,6060,91,203
411050,4,ACE 글로벌메타버스테크액티브,14465,2,295,2.08,14528.0,26.3486,2432,34,203
433980,7,KODEX TDF2040액티브,13960,2,35,0.25,13954.0,10.262,7435,103,202
300950,2,KODEX 게임산업,7125,2,35,0.49,7139.0,4.4952,9796,70,200
139220,2,TIGER 200 건설,2600,2,5,0.19,2605.0,-14.4976,25419,66,197
461340,4,HANARO 글로벌생성형AI액티브,20700,2,530,2.63,20571.0,45.6317,18095,374,197
463250,2,TIGER 우주방산,10900,2,255,2.4,10903.0,2.8005,119825,1304,196
491830,4,TIGER 미국AI반도체팹리스,11100,2,225,2.07,11290.0,,18527,206,194
437350,6,RISE 미국단기투자등급회사채액티브,12040,2,10,0.08,12048.0,6.9808,38334,461,193
130680,5,TIGER 원유선물Enhanced(H),4225,2,60,1.44,4234.0,5.8449,92094,388,192
352540,7,KODEX 일본부동산리츠(H),10560,5,-15,-0.14,10562.0,-5.0889,18719,197,190
243880,2,TIGER 200IT레버리지,24220,2,620,2.63,24212.0,-24.6729,2131,51,188
117460,2,KODEX 에너지화학,9925,2,25,0.25,9960.0,-13.5749,11310,112,188
225800,7,KOSEF 미국달러선물레버리지,15360,5,-35,-0.23,15409.0,15.7083,167,2,187
418670,4,TIGER 글로벌사이버보안INDXX,15035,2,250,1.69,15039.0,25.9906,28942,434,186
114460,6,ACE 국고채3년,103535,5,-25,-0.02,103572.0,1.3257,269,27,186
396510,4,TIGER 차이나클린에너지SOLACTIVE,6425,5,-75,-1.15,6549.0,23.9275,382,2,185
354500,1,ACE 코스닥150,11540,2,120,1.05,11565.0,-4.1142,15173,175,185
442260,1,마이티 다이나믹퀀트액티브,11500,2,40,0.35,11513.0,-3.576,2589,29,184
341850,7,TIGER 리츠부동산인프라채권TR KIS,4595,2,15,0.33,4611.0,-7.3438,7284,33,184
481340,6,RISE 미국30년국채액티브,10465,5,-130,-1.23,10503.0,-3.6556,59053,618,183
409810,4,KODEX 미국나스닥100선물인버스(H),7440,5,-120,-1.59,7423.0,-11.3717,80238,596,182
185680,4,KODEX 미국S&P바이오(합성),29920,5,-225,-0.75,30067.0,6.2753,7158,214,182
485690,4,RISE 미국AI밸류체인TOP3Plus,12025,2,320,2.73,12043.0,28.1335,12807,153,180
266370,2,KODEX IT,14840,2,205,1.4,14876.0,-12.1022,4498,66,178
385590,2,ACE ESG액티브,7395,2,75,1.02,7391.0,-2.53,268,1,177
417630,2,TIGER KEDI혁신기업ESG30,9330,2,105,1.14,9350.0,-2.7925,256,2,177
377990,2,TIGER Fn신재생에너지,7810,2,90,1.17,7809.0,-2.5253,7748,60,176
442570,7,RISE TDF2050액티브,13475,2,75,0.56,13451.0,11.6666,2658,35,175
354240,7,RISE 미국고정배당우선증권 TR,12035,2,5,0.04,11994.0,5.1573,8177,98,175
495550,1,SOL 코리아밸류업TR,9425,2,55,0.59,9423.0,,593,5,174
364990,2,TIGER 게임TOP10,5495,2,15,0.27,5515.0,2.4299,128211,706,173
459560,4,KODEX 테슬라밸류체인FactSet,16365,2,335,2.09,16264.0,35.3885,12745,208,172
387280,2,TIGER 퓨처모빌리티액티브,7110,2,10,0.14,7133.0,-6.5175,3242,23,170
463640,4,KODEX 미국S&P500유틸리티,12925,5,-90,-0.69,12984.0,9.1679,3983,51,168
494410,4,PLUS 미국S&P500성장주,11145,2,145,1.32,11167.0,,85540,952,167
438900,2,HANARO Fn K-푸드,10705,2,95,0.9,10700.0,8.5421,10756,114,166
487950,4,KODEX 대만테크고배당다우존스,9480,2,40,0.42,9517.0,4.1942,1260,11,166
114470,6,KOSEF 국고채3년,110570,5,-20,-0.02,110579.0,1.3657,34,3,166
486240,2,DAISHIN343 AI반도체&인프라액티브,7525,2,145,1.96,7515.0,0.2036,372,2,166
415340,4,KODEX 차이나과창판STAR50(합성),8180,5,-25,-0.3,8296.0,59.4752,9261,75,164
468630,6,KODEX iShares미국투자등급회사채액티브,11650,5,-35,-0.3,11662.0,5.3556,8694,101,164
280320,4,ACE 미국IT인터넷S&P(합성 H),20480,2,475,2.37,20432.0,29.0228,415,8,164
265690,4,ACE 러시아MSCI(합성),8720,3,0,0.0,48.0,0.0,0,0,161
447430,2,ACE 주주환원가치주액티브,12890,2,110,0.86,12882.0,12.5495,7896,101,161
316670,1,KOSEF 코스닥150,5710,2,75,1.33,5728.0,-3.5268,506250,2880,161
211900,2,KODEX 배당성장,15310,2,100,0.66,15320.0,-0.8798,242,3,161
252400,3,RISE 200선물레버리지,13290,2,145,1.1,13291.0,-8.3014,4199,56,159
395150,2,KODEX 웹툰&드라마,3180,5,-45,-1.4,3191.0,15.5913,4568,14,159
447660,7,PLUS 애플채권혼합,12715,2,15,0.12,12707.0,6.8933,5504,69,159
444200,2,SOL KEDI메가테크액티브,13800,2,160,1.17,13819.0,-0.4017,499,6,159
381560,2,HANARO Fn전기&수소차,7040,5,-30,-0.42,7055.0,-7.5817,715,5,158
472350,4,1Q 차이나H(H),13165,3,0,0.0,13199.0,21.1131,16,0,158
269420,4,KODEX S&P글로벌인프라(합성),18120,5,-100,-0.55,18197.0,10.8609,843,15,158
137610,5,TIGER 농산물선물Enhanced(H),5590,2,15,0.27,5600.0,0.6317,2915,16,157
494330,2,ACE 라이프자산주주가치액티브,10060,2,100,1.0,10056.0,,4105,41,156
467620,6,히어로즈 25-09 미국채권(AA-이상)액티브,55565,2,5,0.01,55635.0,7.2028,1054,58,156
448630,7,RISE 삼성그룹Top3채권혼합,9685,2,20,0.21,9715.0,-4.7784,3134,30,155
449780,4,KOSEF 미국S&P500(H),15460,2,105,0.68,15473.0,10.3089,1605,24,155
292190,1,KODEX KRX300,15450,2,90,0.59,15440.0,-3.0915,4552,70,155
195970,4,PLUS 선진국MSCI(합성 H),12245,2,135,1.11,12156.0,-0.3293,2955,36,154
459750,4,RISE 글로벌주식분산액티브,14015,2,70,0.5,14004.0,13.5124,10529,147,154
488720,7,WON 종합채권(AA-이상)액티브,51400,5,-75,-0.15,51421.0,2.7855,50,2,153
213630,4,PLUS 미국다우존스고배당주(합성 H),17885,5,-90,-0.5,17878.0,4.9022,3456,61,152
385520,2,KODEX K-미래차액티브,7395,2,25,0.34,7419.0,-8.1048,539,4,152
391600,4,ACE 미국친환경그린테마INDXX,9465,2,45,0.48,9513.0,11.4133,648,6,151
461910,4,PLUS 미국테크TOP10레버리지(합성),30235,2,1080,3.7,30434.0,63.0592,2997,90,151
292770,6,KODEX 국채선물3년인버스,54585,2,45,0.08,54595.0,0.2573,20,1,151
491510,2,파워 K-주주가치액티브,9935,3,0,0.0,9977.0,,17,0,149
446700,2,RISE 배터리 리사이클링,9485,5,-25,-0.26,9499.0,-0.7307,1656,15,148
219390,4,RISE 미국S&P원유생산기업(합성 H),6270,2,85,1.37,6269.0,6.2714,3260,20,147
117680,2,KODEX 철강,9530,5,-175,-1.8,9564.0,28.2881,9666,92,147
435040,4,ACE 글로벌브랜드TOP10블룸버그,18305,2,175,0.97,18316.0,23.1323,54279,992,146
183700,7,RISE 채권혼합,60525,2,485,0.81,60365.0,-0.4395,8,0,145
250780,3,TIGER 코스닥150선물인버스,4140,5,-40,-0.96,4135.0,2.3255,531215,2194,145
139250,2,TIGER 200 에너지화학,9400,2,25,0.27,9417.0,-12.7177,10974,102,145
490480,2,SOL K방산,9890,2,180,1.85,9909.0,,170458,1685,143
253290,7,RISE 헬스케어채권혼합,11890,2,5,0.04,11918.0,-1.443,5572,66,143
456250,4,KODEX 유럽명품TOP10 STOXX,9450,2,40,0.43,9545.0,10.5498,1907,18,142
474920,4,에셋플러스 차이나일등기업포커스10액티브,13575,5,-140,-1.02,13671.0,40.1635,524,7,141
495060,1,TIMEFOLIO 코리아밸류업액티브,9330,2,40,0.43,9345.0,,204048,1908,140
440650,6,ACE 미국달러단기채권액티브,11650,3,0,0.0,11653.0,7.9203,7292,84,140
445690,2,BNK 주주가치액티브,13205,2,50,0.38,13135.0,0.8819,25,0,139
241390,7,RISE V&S셀렉트밸류채권혼합,11545,3,0,0.0,11553.0,-0.5513,168,1,139
304770,1,HANARO 코스닥150,11505,2,145,1.28,11506.0,-4.0946,3364,38,138
140710,2,KODEX 운송,5095,2,20,0.39,5106.0,6.3941,3735,19,138
453660,4,KODEX 미국S&P500경기소비재,18325,2,285,1.58,18348.0,34.3061,2232,40,137
139270,2,TIGER 200 금융,8680,2,75,0.87,8677.0,6.3133,4821,41,137
483570,4,KCGI 미국S&P500 TOP10,12165,2,90,0.75,12419.0,22.7134,68103,825,134
451670,6,RISE 국채30년레버리지(합성),26760,5,-130,-0.48,26708.0,14.0373,4313,115,134
407820,2,에셋플러스 코리아플랫폼액티브,6360,2,70,1.11,6354.0,-1.4879,57405,363,134
463690,4,KODEX 미국S&P500커뮤니케이션,16610,2,245,1.5,16612.0,28.373,372,6,133
465670,4,TIGER 미국캐시카우100,13260,5,-45,-0.34,13335.0,17.1214,1619,21,133
459790,4,히어로즈 미국성장기업30액티브,15415,2,170,1.12,15435.0,18.4077,233,3,131
482870,2,HANARO 주주가치성장코리아액티브,10040,2,175,1.77,10041.0,0.254,4,0,131
245350,4,TIGER 유로스탁스배당30,12245,2,60,0.49,12272.0,1.07,161,1,129
217780,4,TIGER 차이나CSI300인버스(합성),7265,5,-10,-0.14,7385.0,-24.8839,426,3,127
395280,2,HANARO Fn K-게임,4295,2,55,1.3,4287.0,3.7943,2247,9,127
300610,2,TIGER K게임,7420,2,100,1.37,7431.0,5.0215,1901,14,126
417450,4,RISE 글로벌수소경제,7375,2,10,0.14,7425.0,18.2182,405,2,125
269370,4,TIGER S&P글로벌인프라(합성),14450,5,-100,-0.69,14635.0,9.3327,198,2,123
138910,5,KODEX 구리선물(H),7200,5,-50,-0.69,7219.0,2.7639,1628,11,122
495040,1,PLUS 코리아밸류업,9415,2,70,0.75,9441.0,,11,0,122
461900,4,PLUS 미국테크TOP10,18560,2,430,2.37,18610.0,28.6271,2043,37,121
182490,6,TIGER 단기선진하이일드(합성 H),13385,2,100,0.75,13376.0,0.7966,67,0,120
266410,2,KODEX 필수소비재,6655,2,60,0.91,6660.0,-2.006,2316,15,120
494420,2,PLUS 미국배당증가성장주데일리커버드콜,9975,5,-15,-0.15,9974.0,,147180,1466,120
471290,6,HANARO CD금리액티브(합성),103815,2,10,0.01,103809.0,0.8109,72,7,119
140950,1,파워 코스피100,24870,2,80,0.32,24859.0,-2.7081,226,5,119
453630,4,KODEX 미국S&P500필수소비재,12540,5,-95,-0.75,12552.0,6.6604,4018,50,119
239660,6,PLUS 우량회사채50,118715,5,-5,0.0,118719.0,1.0382,116,13,119
400590,4,SOL 글로벌탄소배출권선물ICE(합성),11780,2,65,0.55,11801.0,0.1282,913,10,118
195920,4,TIGER 일본TOPIX(합성 H),23545,2,280,1.2,23668.0,9.4823,615,14,118
453060,6,HANARO KOFR금리액티브(합성),106420,3,0,0.0,106422.0,0.8338,0,0,117
430500,7,KOSEF 물가채KIS,117045,5,-140,-0.12,117017.0,2.9699,245,28,117
422260,2,VITA MZ소비액티브,7800,2,55,0.71,7847.0,-0.9591,39399,306,117
275300,2,KODEX MSCI퀄리티,8350,3,0,0.0,8406.0,-4.0782,0,0,117
433500,2,ACE 원자력테마딥서치,16645,2,50,0.3,16777.0,6.3441,3492,58,117
479850,2,HANARO K-뷰티,11050,2,250,2.31,11063.0,-10.4107,3514,38,116
276000,4,TIGER 글로벌자원생산기업(합성 H),14480,5,-110,-0.75,14684.0,1.1088,187,2,116
474390,6,SOL 국고채30년액티브,57790,5,-90,-0.16,57634.0,7.5736,14,0,116
496770,4,PLUS 글로벌방산,9600,2,85,0.89,9600.0,,14883,142,115
306950,3,KODEX KRX300레버리지,11510,2,140,1.23,11578.0,-8.491,130,1,115
419650,4,PLUS 글로벌수소&차세대연료전지,3820,2,55,1.46,3805.0,8.0344,3961,15,115
460660,4,RISE 미국S&P배당킹,11445,5,-60,-0.52,11458.0,6.1053,4261,48,114
491620,4,RISE 미국테크100데일리고정커버드콜,11415,2,180,1.6,11409.0,,18612,212,114
291130,4,ACE 멕시코MSCI(합성),12630,2,10,0.08,12838.0,6.0058,405,5,114
495330,1,1Q 코리아밸류업,9435,2,85,0.91,9425.0,,724,6,113
267440,6,RISE 미국장기국채선물(H),8625,5,-60,-0.69,8622.0,-6.2602,1270,10,112
385600,2,ACE 2차전지&친환경차액티브,7360,2,35,0.48,7368.0,-17.2317,1913,14,110
275290,2,KODEX MSCI밸류,10020,2,45,0.45,10062.0,-5.985,501,5,110
449690,4,TIGER 한중반도체(합성),14665,3,0,0.0,14645.0,33.561,0,0,110
223190,2,KODEX 200가치저변동,10970,2,45,0.41,10962.0,-0.5462,16328,179,110
419420,4,KODEX 미국클린에너지나스닥,6820,2,100,1.49,6907.0,15.2658,6535,44,109
475300,2,SOL 반도체전공정,6820,2,70,1.04,6837.0,-7.2803,4486,30,109
289260,2,TIGER MSCI KOREA ESG리더스,8740,2,60,0.69,8736.0,1.9856,250,2,108
310080,4,RISE 중국MSCI China(H),8600,5,-85,-0.98,8605.0,22.066,331,2,108
483030,4,KOSEF 미국블록버스터바이오테크의약품+,9750,5,-60,-0.61,9792.0,-6.0705,1386,13,107
428560,4,KODEX 미국ETF산업Top10 Indxx,17830,2,65,0.37,17854.0,17.2452,3801,67,107
290080,3,RISE 200고배당커버드콜ATM,8215,2,40,0.49,8187.0,8.7245,678,5,107
472840,1,ITF 200,32690,2,165,0.51,32654.0,-2.98,20,0,106
156080,1,KODEX MSCI Korea,15125,2,110,0.73,15141.0,-4.5455,15,0,106
102960,2,KODEX 기계장비,6890,2,15,0.22,6887.0,4.8018,2125,14,105
461450,1,KODEX 코스닥글로벌,10430,2,190,1.86,10422.0,-1.206,275,2,104
490330,4,KoAct 미국뇌질환치료제액티브,10405,5,-20,-0.19,10543.0,7.9751,5668,58,104
181480,7,ACE 미국부동산리츠(합성 H),85945,5,-360,-0.42,86081.0,-3.1924,108,9,103
230480,7,KOSEF 미국달러선물인버스2X,4710,5,-5,-0.11,4699.0,-13.4068,595,2,102
275280,2,KODEX MSCI모멘텀,12735,2,180,1.43,12757.0,3.2908,527,6,102
489000,6,PLUS 일본엔화초단기국채(합성),10135,5,-20,-0.2,10140.0,-0.49,13045,131,101
499150,4,SOL 미국S&P500엔화노출(H),10115,2,15,0.15,10179.0,,144139,1458,101
104530,2,KOSEF 고배당,11200,2,40,0.36,11202.0,7.6908,3295,37,101
104520,2,KOSEF 블루칩,8260,2,30,0.36,8277.0,-0.0972,3,0,99
433220,4,에셋플러스 글로벌대장장이액티브,18950,2,250,1.34,18953.0,28.2139,166,3,99
460270,6,히어로즈 미국달러SOFR금리액티브(합성),12150,3,0,0.0,12142.0,8.0,160,1,98
490590,4,RISE 미국AI밸류체인데일리고정커버드콜,11510,2,190,1.68,11537.0,,43568,501,98
432840,4,HANARO 미국S&P500,16285,2,85,0.52,16352.0,17.801,404,6,98
261110,7,TIGER 미국달러선물레버리지,16250,5,-15,-0.09,16302.0,15.7651,733,11,98
138530,2,TIGER LG그룹+펀더멘털,6730,2,30,0.45,6725.0,-7.5735,1344,9,97
376410,2,TIGER 탄소효율그린뉴딜,8075,2,65,0.81,8066.0,-3.4475,489,3,97
498860,2,RISE 코리아금융고배당,9655,2,30,0.31,9661.0,,94180,910,97
365040,1,TIGER AI코리아그로스액티브,12000,2,120,1.01,11994.0,-1.6964,160,1,96
480460,7,WON 한국부동산TOP3플러스,9550,2,110,1.17,9550.0,-9.0033,125,1,96
496130,1,TRUSTON 코리아밸류업액티브,9550,2,65,0.69,9542.0,,1050,10,96
337140,2,KODEX 코스피대형주,11925,2,100,0.85,11891.0,-2.111,809,9,95
292730,1,FOCUS KRX300,15740,3,0,0.0,15829.0,-2.5991,0,0,94
475070,4,KoAct 글로벌기후테크인프라액티브,15710,2,350,2.28,15823.0,32.1858,4097,64,94
337150,2,KODEX 200exTOP,11710,2,100,0.86,11736.0,1.2205,147,1,94
491630,4,RISE 미국반도체인버스(합성 H),20710,5,-540,-2.54,20736.0,,704,14,93
494340,4,ACE 글로벌AI맞춤형반도체,11595,2,435,3.9,11635.0,,14246,165,93
400580,4,SOL 유럽탄소배출권선물S&P(H),10290,2,65,0.64,10308.0,5.1413,2635,27,93
410870,2,TIMEFOLIO K컬처액티브,9220,2,25,0.27,9245.0,-2.7499,274,2,92
145850,2,TREX 펀더멘탈 200,36820,3,0,0.0,36953.0,-3.6757,0,0,92
105780,2,RISE 5대그룹주,5750,2,60,1.05,5759.0,-6.4914,140,0,92
404260,2,KODEX 기후변화솔루션,9180,2,125,1.38,9171.0,-12.9746,2583,23,92
464060,4,HANARO 글로벌반도체TOP10 SOLACTIVE,16655,2,415,2.56,16837.0,15.0793,1083,17,92
159800,1,마이티 코스피100,25260,2,25,0.1,25343.0,-2.9424,729,18,91
489290,4,WON 미국빌리어네어,12960,2,280,2.21,12988.0,30.9917,16309,210,91
225050,4,TIGER 유로스탁스레버리지(합성 H),11265,2,180,1.62,11286.0,4.3294,211,2,90
390400,4,KODEX 미국스마트모빌리티S&P,5990,2,10,0.17,6031.0,20.4431,1833,10,90
091220,2,TIGER 은행,8965,2,65,0.73,8982.0,7.1385,2819,25,90
368680,2,KODEX K-뉴딜디지털플러스,7470,2,40,0.54,7465.0,-3.0659,201,1,90
489860,4,KOSEF 글로벌전력GRID인프라,11190,2,90,0.81,11190.0,14.7286,1946,21,90
450190,4,KODEX 한중반도체(합성),14875,2,10,0.07,14830.0,33.678,1,0,89
477490,4,에셋플러스 글로벌일등기업포커스10액티브,14755,2,260,1.79,14761.0,31.1764,696,10,89
375270,7,RISE 글로벌데이터센터리츠(합성),12630,2,15,0.12,12653.0,3.9126,351,4,88
464600,2,SOL 자동차소부장Fn,8810,2,65,0.74,8812.0,-1.8519,155,1,88
225060,4,TIGER 이머징마켓MSCI레버리지(합성 H),8000,3,0,0.0,8111.0,6.1712,25,0,88
494210,4,SOL 미국500타겟커버드콜액티브,10875,2,55,0.51,10893.0,,86148,935,87
494180,4,TIMEFOLIO 글로벌소비트렌드액티브,11595,2,185,1.62,11618.0,,136685,1585,87
289040,2,KODEX MSCI KOREA ESG유니버설,9630,3,0,0.0,9818.0,-3.3618,0,0,87
174350,2,TIGER 로우볼,13125,2,90,0.69,13097.0,2.2754,29,0,87
139320,5,TIGER 금은선물(H),12360,2,80,0.65,12429.0,6.5047,10193,126,87
415760,4,SOL 차이나육성산업액티브(합성),7855,5,-25,-0.32,7974.0,60.0,190,1,86
424460,4,HANARO 글로벌워터MSCI(합성),14330,5,-45,-0.31,14318.0,9.9006,16,0,86
497510,4,ACE 글로벌빅파마,10540,3,0,0.0,10585.0,,63684,669,84
488290,4,마이다스 일본테크액티브,22395,2,465,2.12,22396.0,9.1044,17,0,84
497520,4,ACE 일라이릴리밸류체인,10495,5,-50,-0.47,10633.0,,71713,756,84
468370,6,KODEX iShares미국인플레이션국채액티브,11160,5,-10,-0.09,11164.0,5.5765,22428,250,83
429740,7,PLUS K리츠,6585,2,65,1.0,6602.0,-11.2443,1101,7,82
395760,2,PLUS ESG성장주액티브,7810,2,55,0.71,7832.0,-3.6646,64,0,82
491700,1,HK 200,32795,2,295,0.91,32653.0,-2.6655,23,0,82
122090,1,PLUS 코스피50,22680,2,15,0.07,22721.0,-2.1923,134,3,82
215620,2,HK S&P코리아로우볼,12960,3,0,0.0,13080.0,-0.2694,0,0,82
117690,4,TIGER 차이나항셍25,18125,3,0,0.0,18024.0,31.6267,139,2,82
225030,4,TIGER 미국S&P500선물인버스(H),2850,5,-15,-0.52,2851.0,-8.6125,23534,66,81
139660,7,KOSEF 미국달러선물인버스,8235,5,-20,-0.24,8243.0,-6.5119,245,2,81
488480,4,RISE 일본섹터TOP4Plus,10750,2,150,1.42,10780.0,13.4296,163,1,81
445910,2,TIGER MKF배당귀족,12400,2,80,0.65,12397.0,-2.0279,724,8,81
217770,5,TIGER 원유선물인버스(H),2820,5,-45,-1.57,2814.0,-8.0257,18995,53,80
442090,2,에셋플러스 코리아대장장이액티브,10045,2,125,1.26,10009.0,-3.5958,205,2,80
446690,4,KODEX 아시아AI반도체exChina액티브,16070,2,295,1.87,16212.0,5.2859,1428,22,80
472720,1,TRUSTON 주주가치액티브,11095,2,135,1.23,11125.0,-0.949,389,4,80
192720,2,파워 고배당저변동성,33260,2,150,0.45,33268.0,5.4962,53,1,80
285690,2,FOCUS ESG리더스,10610,2,90,0.86,10633.0,-0.6611,9,0,80
498050,2,HANARO 바이오코리아액티브,9930,2,170,1.74,9940.0,,22929,228,79
452440,2,VITA 밸류알파액티브,11295,2,85,0.76,11324.0,-1.8389,22283,251,79
451150,4,에셋플러스 글로벌영에이지액티브,15775,2,235,1.51,15762.0,31.6391,56,0,79
497780,4,KoAct 미국천연가스인프라액티브,9840,2,50,0.51,9916.0,,66162,652,79
292500,1,SOL KRX300,15710,2,305,1.98,15628.0,-4.0546,1,0,79
225130,4,ACE 골드선물 레버리지(합성 H),26095,2,330,1.28,26133.0,11.2478,7023,183,78
491820,2,HANARO 전력설비투자,11150,2,120,1.09,11172.0,,1218,13,78
229720,1,KODEX KTOP30,15600,5,-10,-0.06,15630.0,-4.1744,21,0,78
471780,2,TIGER 코리아테크액티브,7950,2,150,1.92,7938.0,-12.5071,21,0,78
473640,4,HANARO 글로벌금채굴기업,14150,2,360,2.61,14484.0,7.9874,3136,44,78
474800,4,KOSEF 미국원유에너지기업,11970,2,30,0.25,11982.0,15.8885,1706,20,78
100910,1,KOSEF KRX100,5180,2,40,0.78,5163.0,-2.4113,12,0,78
371150,4,RISE 차이나항셍테크,7045,5,-70,-0.98,7094.0,42.3,946,6,77
267490,6,RISE 미국장기국채선물레버리지(합성 H),5960,5,-75,-1.24,5957.0,-13.103,5226,31,77
364690,1,KODEX 혁신기술테마액티브,12885,2,165,1.3,12876.0,-1.3954,3,0,77
385710,2,TIMEFOLIO K이노베이션액티브,7715,2,185,2.46,7673.0,0.8032,2451,18,77
467540,1,KOSEF 코스닥글로벌,10995,2,105,0.96,10984.0,-1.09,50,0,77
292160,1,TIGER KRX300,15335,3,0,0.0,15451.0,-3.596,0,0,77
152500,3,ACE 레버리지,5885,2,50,0.86,5889.0,-7.6741,7654,45,77
226980,1,KODEX 200 중소형,12735,2,165,1.31,12744.0,0.7615,4856,61,76
183710,7,RISE 주식혼합,38200,2,625,1.66,38041.0,-2.658,1,0,76
253160,3,PLUS 200선물인버스2X,5085,5,-70,-1.36,5097.0,6.0699,6837,34,76
379790,4,RISE 유로스탁스50(H),13740,2,130,0.96,13754.0,3.8931,187,2,76
237440,7,TIGER 경기방어채권혼합,9440,2,70,0.75,9440.0,-0.3722,8148,76,76
360150,2,KODEX 코스닥150롱코스피200숏선물,9415,2,45,0.48,9416.0,-0.0534,1643,15,75
462340,4,에셋플러스 글로벌다이나믹시니어액티브,14440,2,110,0.77,14430.0,20.0167,65,0,75
429010,4,TIGER 미국나스닥넥스트100,14750,2,150,1.03,14767.0,22.1246,111,1,74
475310,2,SOL 반도체후공정,8195,2,70,0.86,8195.0,-13.1481,13826,113,74
483020,2,KOSEF 의료AI,9830,2,165,1.71,9849.0,4.261,29001,286,74
432600,6,RISE 국채선물3년,54750,5,-20,-0.04,54857.0,1.1076,4,0,73
435550,7,히어로즈 TDF2050액티브,14645,2,45,0.31,14651.0,12.6543,17,0,73
441330,4,KOSEF 차이나A50커넥트MSCI,9760,3,0,0.0,9847.0,25.048,0,0,73
438740,2,마이다스 중소형액티브,19490,2,200,1.04,19508.0,0.5735,19,0,73
205720,4,ACE 일본TOPIX인버스(합성 H),2425,5,-20,-0.82,2437.0,-9.4445,40909,98,73
449680,7,TIGER 한중전기차(합성),8555,5,-60,-0.7,8592.0,15.7152,1,0,73
411540,1,SOL 200 Top10,8070,2,45,0.56,8066.0,-2.4317,3,0,73
227570,2,TIGER 우량가치,11485,2,105,0.92,11481.0,-2.9839,56,0,72
375760,2,HANARO 탄소효율그린뉴딜,8010,2,65,0.82,8002.0,-3.9299,22,0,72
464610,2,SOL 의료기기소부장Fn,9000,2,125,1.41,9011.0,-5.5852,3770,33,72
435540,7,히어로즈 TDF2040액티브,14395,3,0,0.0,14470.0,11.5027,0,0,72
337120,2,KODEX 멀티팩터,11850,2,100,0.85,11867.0,-2.8123,1,0,71
488200,2,KOSEF K-2차전지북미공급망,7895,2,30,0.38,7917.0,-19.126,2850,22,71
457930,2,BNK 미래전략기술액티브,10130,2,120,1.2,10106.0,1.1622,1,0,71
253230,3,KOSEF 200선물인버스2X,2505,5,-25,-0.99,2504.0,5.6367,13154,32,71
495750,1,HANARO 코리아밸류업,9405,2,65,0.7,9430.0,,1,0,71
399580,4,RISE 글로벌클린에너지,6375,2,25,0.39,6414.0,-5.6464,694,4,70
416090,4,ACE 중국과창판STAR50,7790,2,25,0.32,7780.0,59.1188,905,7,70
289670,6,PLUS 국채선물10년,56415,5,-175,-0.31,56392.0,2.0467,28,1,70
433880,7,PLUS TDF2060액티브,15135,2,125,0.83,15099.0,13.7121,2002,30,70
373490,2,KODEX K-이노베이션액티브,11510,2,115,1.01,11537.0,-3.3503,17,0,69
304670,6,KODEX 미국30년국채울트라선물인버스(H),11445,2,160,1.42,11458.0,8.4574,529,6,69
476310,4,RISE 글로벌비만산업TOP2+,10535,2,90,0.86,10571.0,-3.3318,1180,12,68
269530,4,PLUS S&P글로벌인프라,17090,5,-55,-0.32,17159.0,9.6928,3286,56,68
298340,6,PLUS 국채선물3년,56415,3,0,0.0,56378.0,1.2382,0,0,68
253280,2,RISE 헬스케어,13530,2,180,1.35,13555.0,-7.2273,2106,28,68
411860,4,KOSEF 독일DAX,13515,2,5,0.04,13496.0,13.149,54,0,68
435530,7,히어로즈 TDF2030액티브,13495,2,10,0.07,13518.0,9.947,3228,43,67
460280,2,KOSEF Fn유전자혁신기술,8980,3,0,0.0,9164.0,-2.919,0,0,67
253150,3,PLUS 200선물레버리지,26850,2,335,1.26,26796.0,-8.1732,79,2,67
219900,4,ACE 중국본토CSI300레버리지(합성),3325,5,-30,-0.89,3389.0,65.2709,2677,8,67
448100,1,WON 200,33195,2,255,0.77,33155.0,-2.9464,20,0,66
413930,2,WON AI ESG액티브,8830,2,110,1.26,8824.0,-2.6786,20,0,66
108590,1,TREX 200,33100,2,185,0.56,33052.0,-3.0772,12,0,66
234310,2,RISE V&S셀렉트밸류,13240,2,130,0.99,13143.0,-3.283,1,0,66
442560,7,RISE TDF2040액티브,13200,2,50,0.38,13204.0,10.365,876,11,66
253250,3,KOSEF 200선물레버리지,13140,2,140,1.08,13158.0,-8.2569,7870,103,66
404120,2,TIMEFOLIO K신재생에너지액티브,10860,2,115,1.07,10871.0,-9.5539,2771,30,65
270800,2,RISE KQ고배당,10845,5,-30,-0.28,10857.0,6.3569,25,0,65
251590,2,PLUS 고배당저변동50,12965,2,40,0.31,12984.0,3.9488,1631,21,65
295000,6,RISE 국채선물10년,55825,5,-10,-0.02,55547.0,2.365,182,10,65
138920,5,KODEX 콩선물(H),10730,5,-60,-0.56,10710.0,-2.7052,110,1,64
442550,7,RISE TDF2030액티브,12805,2,50,0.39,12778.0,8.8775,4530,57,64
153270,1,KOSEF 코스피100,24615,2,135,0.55,24601.0,-2.8225,444,10,64
437370,4,RISE 글로벌농업경제,9135,2,70,0.77,9146.0,5.7142,233,2,64
487130,2,KoAct AI인프라액티브,7495,2,85,1.15,7503.0,0.2028,469,3,64
291890,4,KODEX MSCI EM선물(H),8475,2,40,0.47,8463.0,3.8793,4938,42,64
176950,6,KODEX 국채선물10년인버스,52955,2,85,0.16,53032.0,-0.6204,56,2,64
371870,4,ACE 차이나항셍테크,7050,2,10,0.14,7048.0,42.0787,2390,16,63
305050,1,ACE 코스피,25375,2,190,0.75,25403.0,-2.2891,653,16,63
494220,2,UNICORN SK하이닉스밸류체인액티브,8450,2,175,2.11,8455.0,,3454,29,63
227830,1,PLUS 코스피,25340,2,75,0.3,25362.0,-2.5797,1065,27,63
316300,7,ACE 싱가포르리츠,12665,2,40,0.32,12790.0,-6.2106,26,0,63
292050,1,RISE KRX300,15810,2,145,0.93,15776.0,-3.1351,178,2,63
449580,7,RISE 미국빅데이터Top3채권혼합,15785,2,180,1.15,15686.0,17.818,9608,151,63
489010,4,PLUS 글로벌AI인프라,12610,5,-145,-1.14,12791.0,27.9338,1375,17,63
401590,4,HANARO 글로벌탄소배출권선물ICE(합성),9635,2,60,0.63,9636.0,-0.0522,5,0,63
228820,1,TIGER KTOP30,7825,2,35,0.45,7817.0,-4.0168,3916,30,63
346000,6,HANARO KAP초장기국고채,42000,5,-135,-0.32,41965.0,5.1272,182,7,62
488210,2,KOSEF K-반도체북미공급망,7285,2,105,1.46,7314.0,-2.1132,19632,143,62
450180,7,KODEX 한중전기차(합성),8840,3,0,0.0,8810.0,19.1374,0,0,62
279540,2,KODEX 최소변동성,10240,3,0,0.0,10292.0,-2.4762,0,0,61
429980,7,SOL 한국형글로벌전기차&2차전지액티브,12240,2,120,0.99,12250.0,19.822,194,2,61
322410,2,HANARO 고배당,13555,2,85,0.63,13555.0,3.4244,1276,17,61
455660,6,ACE 미국하이일드액티브(H),10165,5,-35,-0.34,10141.0,2.4507,2015,20,61
189400,4,PLUS 글로벌MSCI(합성 H),20185,2,125,0.62,20359.0,6.1375,400,8,61
459370,4,SOL 유럽탄소배출권선물인버스ICE(H),12055,5,-80,-0.66,12050.0,-5.4539,65,0,60
166400,3,TIGER 200커버드콜OTM,11990,2,70,0.59,12010.0,-1.7232,718,8,60
428510,4,KODEX 차이나메타버스액티브,11925,5,-45,-0.38,11972.0,28.987,36,0,60
469530,3,RISE 미국달러선물인버스,9155,2,15,0.16,9155.0,-6.4484,28,0,60
419170,4,HANARO 미국메타버스iSelect,16975,2,320,1.92,16954.0,26.2699,142,2,59
481200,4,SOL 미국테크TOP10인버스(합성),7420,5,-165,-2.18,7392.0,-21.399,918,6,59
289250,2,TIGER MSCI KOREA ESG유니버설,9780,2,65,0.67,9800.0,-3.0052,27,0,59
244620,2,KODEX 모멘텀Plus,11605,2,130,1.13,11570.0,-4.1354,37,0,58
442580,4,PLUS 글로벌HBM반도체,16515,2,325,2.01,16591.0,3.5828,576,9,58
395750,2,PLUS ESG가치주액티브,7685,2,15,0.2,7707.0,-3.7642,64,0,58
284980,2,RISE 200금융,11480,2,45,0.39,11507.0,6.6996,1233,14,57
140580,2,RISE 우량업종대표주,11455,2,115,1.01,11438.0,-0.0529,35,0,57
105010,4,TIGER 라틴35,4395,2,50,1.15,4401.0,4.6735,824,3,57
456200,6,PLUS 미국달러SOFR금리액티브(합성),58095,3,0,0.0,58084.0,8.2549,0,0,57
397410,6,RISE 국채선물5년추종인버스,55675,2,275,0.5,55586.0,-0.0091,4,0,57
280920,2,PLUS 주도업종,10280,2,80,0.78,10303.0,-2.2521,66,0,57
261920,4,ACE 필리핀MSCI(합성),14050,5,-20,-0.14,14058.0,-2.7308,11,0,56
373530,4,PLUS 신흥국MSCI인버스(합성 H),10805,3,0,0.0,10794.0,-3.7417,0,0,56
437550,7,히어로즈 글로벌리츠이지스액티브,11000,2,65,0.59,11014.0,0.5517,10,0,55
404650,2,SOL KRX기후변화솔루션,9145,2,95,1.05,9171.0,-12.687,66,0,55
281990,2,RISE 중소형고배당,10885,2,80,0.74,10918.0,2.32,10,0,54
252410,3,RISE 200선물인버스,6035,5,-45,-0.74,6042.0,4.1095,63,0,54
261140,2,TIGER 우선주,10845,2,55,0.51,10865.0,-6.9828,2046,22,54
267450,6,RISE 미국장기국채선물인버스(H),10780,2,35,0.33,10822.0,7.5037,25,0,54
304760,1,HANARO KRX300,15145,2,115,0.77,15144.0,-3.5054,15,0,53
227560,2,TIGER 200 생활소비재,8535,2,60,0.71,8547.0,-1.7961,65,0,53
397420,6,RISE 국채선물5년추종,51760,2,150,0.29,51641.0,1.3451,2,0,53
315270,2,TIGER 200커뮤니케이션서비스,18825,2,20,0.11,18852.0,13.6665,599,11,53
461580,1,TIGER 코스닥글로벌,10520,2,50,0.48,10631.0,-1.6902,325,3,53
473500,4,KOSEF 글로벌전력반도체,8610,2,35,0.41,8710.0,17.4979,2211,19,52
226380,2,ACE Fn성장소비주도주,5660,2,30,0.53,5659.0,4.2592,41,0,51
485810,4,TIMEFOLIO 글로벌안티에이징바이오액티브,9250,5,-25,-0.27,9268.0,-6.5021,171924,1590,51
380340,2,ACE Fn5G플러스,8450,5,-5,-0.06,8500.0,-1.5143,158,1,51
307510,2,TIGER 의료기기,14460,5,-50,-0.34,14605.0,3.7169,928,13,51
131890,2,ACE 삼성그룹동일가중,16835,2,105,0.63,16860.0,-6.1431,10,0,51
314700,2,HANARO 농업융복합산업,9140,5,-10,-0.11,9166.0,-4.2387,3,0,50
291680,4,RISE 차이나H선물인버스(H),10000,5,-5,-0.05,10016.0,-20.6268,5,0,50
256450,4,PLUS 심천차이넥스트(합성),9860,5,-95,-0.95,10002.0,53.0361,1090,10,49
277640,2,TIGER 코스피대형주,12245,2,65,0.53,12258.0,-1.9798,117,1,49
373790,4,KOSEF 미국방어배당성장나스닥,15265,5,-140,-0.91,15275.0,2.3248,172,2,49
450120,2,KOSEF SK그룹대표주,12160,2,170,1.42,12174.0,2.2862,58,0,49
454180,4,KOSEF 차이나내수소비TOP CSI,8825,5,-45,-0.51,8853.0,30.614,1067,9,49
457990,2,PLUS 태양광&ESS,8825,2,20,0.23,8854.0,-5.6776,1187,10,49
321410,7,KODEX 멀티에셋하이인컴(H),9680,5,-115,-1.17,9820.0,-2.343,1366,13,48
402460,2,HANARO Fn K-메타버스MZ,6860,2,20,0.29,6867.0,0.2932,46,0,48
367740,2,HANARO Fn5G산업,11915,2,120,1.02,11908.0,-5.9035,29,0,48
426410,4,PLUS 미국대체투자Top10,23790,2,590,2.54,23823.0,38.8307,781,18,48
404540,2,TIGER KRX기후변화솔루션,9275,2,145,1.59,9252.0,-12.9233,121,1,46
301400,1,PLUS 코스닥150,11575,2,85,0.74,11641.0,-3.9298,50,0,46
291620,3,KOSEF 코스닥150선물인버스,7305,5,-130,-1.75,7335.0,2.6224,930,6,46
143460,2,ACE 밸류대형,9145,2,70,0.77,9130.0,-3.8666,61,0,46
413220,4,SOL 차이나태양광CSI(합성),4540,5,-40,-0.87,4647.0,30.2987,191,0,45
473380,2,HANARO K-메디테크,8955,2,110,1.24,8977.0,7.7344,78,0,45
390950,6,HANARO 단기채권액티브,108670,3,0,0.0,108693.0,0.7883,0,0,45
466810,2,BNK 2차전지양극재,5480,5,-25,-0.45,5477.0,-13.5114,373,2,44
334690,5,RISE 팔라듐선물(H),5145,2,165,3.31,5138.0,-0.7969,6594,33,44
238670,7,PLUS 스마트베타Quality채권혼합,10870,5,-15,-0.14,10888.0,1.1617,66,0,43
307520,2,TIGER 지주회사,9650,2,50,0.52,9671.0,-2.3498,4388,42,43
306520,3,HANARO 200선물인버스,10850,5,-145,-1.32,10900.0,3.4823,51,0,43
139290,2,TIGER 200 경기소비재,15495,2,135,0.88,15481.0,2.1208,176,2,43
407160,2,KCGI 테크미디어텔레콤액티브,7820,2,65,0.84,7807.0,-3.9034,52,0,43
252650,1,KODEX 200동일가중,10610,2,120,1.14,10597.0,-1.5948,199,2,42
157500,2,TIGER 증권,5700,2,45,0.8,5696.0,5.8988,13178,75,42
486780,3,HANARO 200선물레버리지1.5X,11010,2,175,1.62,11034.0,-5.8645,117,1,42
407170,2,KCGI 스마트커머스액티브,8295,2,95,1.16,8280.0,1.4223,343,2,41
381570,2,HANARO Fn친환경에너지,6375,2,10,0.16,6423.0,-13.9284,183,1,41
244660,2,KODEX 퀄리티Plus,8150,3,0,0.0,8241.0,-1.1523,0,0,41
448510,4,HANARO 글로벌신재생에너지MSCI(합성),7400,2,50,0.68,7397.0,5.5276,5,0,41
139240,2,TIGER 200 철강소재,9200,5,-195,-2.08,9360.0,32.3425,6670,61,40
266390,2,KODEX 경기소비재,8015,2,115,1.46,7983.0,-5.2758,68,0,40
244670,2,KODEX 밸류Plus,7900,2,70,0.89,7898.0,-0.5715,139,1,40
252000,1,TIGER 200동일가중,11095,2,90,0.82,11103.0,-0.8559,16810,186,39
220130,4,SOL 차이나강소기업CSI500(합성 H),4835,2,65,1.36,4834.0,31.5862,2132,10,39
429870,7,히어로즈 리츠이지스액티브,7025,2,55,0.79,7054.0,-10.5034,147,1,39
438210,4,PLUS 글로벌AI,15410,5,-120,-0.77,15529.0,40.6702,4350,67,39
486790,3,HANARO 코스닥150선물레버리지1.5X,10490,2,195,1.89,10567.0,-7.5438,253,2,38
433250,1,UNICORN R&D 액티브,10715,2,85,0.8,10732.0,-4.4065,203,2,38
253240,3,KOSEF 200선물인버스,6100,5,-35,-0.57,6094.0,3.8071,5194,31,37
472490,4,HANARO 미국애그테크,11920,2,70,0.59,11941.0,16.4275,16,0,36
487750,2,BNK 온디바이스AI,6500,2,50,0.78,6545.0,-9.2828,320,2,36
147970,2,TIGER 모멘텀,29390,3,0,0.0,29757.0,4.6056,0,0,35
371130,4,ACE 베트남VN30선물블룸버그레버리지(H),11525,2,70,0.61,11445.0,1.6415,120,1,35
277650,2,TIGER 코스피중형주,13720,2,145,1.07,13714.0,-2.9318,1288,17,34
139310,5,TIGER 금속선물(H),5695,2,10,0.18,5730.0,3.8356,2276,12,34
411720,4,RISE 글로벌메타버스,16880,2,440,2.68,16975.0,26.4129,99,1,34
140570,2,RISE 수출주,11140,2,65,0.59,11091.0,1.1877,10,0,33
280940,5,KODEX 골드선물인버스(H),5395,5,-50,-0.92,5404.0,-5.4688,971,5,32
476000,2,UNICORN 포스트IPO액티브,5840,5,-5,-0.09,5884.0,-16.0202,39,0,32
469790,2,KOSEF K-테크TOP10,10425,3,0,0.0,10449.0,2.8005,499,5,31
426330,4,KOSEF 미국ETF산업STOXX,15570,2,65,0.42,15594.0,18.1333,71,1,31
266550,2,PLUS 중형주저변동50,11800,2,60,0.51,11824.0,-3.6916,64,0,30
145670,3,ACE 인버스,5870,5,-25,-0.42,5864.0,3.7852,650,3,29
427120,2,RISE 플랫폼테마,6875,2,85,1.25,6855.0,27.1535,8550,58,29
391670,1,HK 베스트일레븐액티브,8225,3,0,0.0,8386.0,-8.4586,0,0,29
334700,5,RISE 팔라듐선물인버스(H),5740,5,-210,-3.53,5751.0,-2.4591,762,4,29
433860,7,PLUS TDF2040액티브,13035,2,5,0.04,13033.0,7.8196,79,1,27
261060,2,TIGER 코스닥150IT,11000,2,200,1.85,11061.0,-5.7592,755,8,26
098560,2,TIGER 방송통신,6940,5,-10,-0.14,6946.0,4.0886,2868,19,26
291630,3,KOSEF 코스닥150선물레버리지,3425,2,80,2.39,3425.0,-10.5615,37291,127,26
433870,7,PLUS TDF2050액티브,14335,2,75,0.53,14303.0,13.2644,220,3,26
465620,4,ACE 미국빅테크TOP7 Plus인버스(합성),10085,5,-215,-2.09,10011.0,-23.1917,837,8,25
433850,7,PLUS TDF2030액티브,12575,2,5,0.04,12556.0,6.5254,112,1,25
275750,3,RISE 코스닥150선물인버스,4155,5,-50,-1.19,4152.0,2.436,3436,14,25
243890,2,TIGER 200에너지화학레버리지,3395,2,110,3.35,3419.0,-29.0497,32863,112,25
415920,5,PLUS 글로벌희토류&전략자원생산기업,4415,5,-20,-0.45,4372.0,24.4039,1231,5,24
476260,2,HANARO 반도체핵심공정주도주,5380,2,110,2.09,5401.0,-18.2312,4910,26,24
469580,6,RISE KP달러채권액티브,57325,2,80,0.14,57289.0,6.8601,116,6,23
301410,3,PLUS 코스닥150선물인버스,6240,5,-100,-1.58,6280.0,2.3405,208,1,22
482030,2,KoAct 테크핵심소재공급망액티브,5930,2,25,0.42,5977.0,-13.2256,38,0,21
407300,2,HANARO Fn골프테마,5320,2,100,1.92,5306.0,-6.9519,53,0,19
470310,2,UNICORN 생성형AI강소기업액티브,7175,2,30,0.42,7173.0,1.5636,403,2,18
456100,6,HANARO 유로존국채25년플러스(합성 H),53540,3,0,0.0,53750.0,2.322,0,0,17
432850,4,HANARO 글로벌백신치료제MSCI,11290,5,-35,-0.31,11270.0,-7.362,178,2,17
306530,3,HANARO 코스닥150선물레버리지,6900,2,160,2.37,6886.0,-10.4914,4350,30,17
412560,2,TIGER BBIG레버리지,2045,2,35,1.74,2025.0,1.3104,207,0,16
407310,1,HANARO 200 TOP10,7915,2,70,0.89,7906.0,-2.4254,836,6,16
227550,2,TIGER 200 산업재,6460,3,0,0.0,6538.0,-1.7491,0,0,16
429990,7,SOL 한국형글로벌플랫폼&메타버스액티브,16925,2,325,1.96,16932.0,31.5893,7,0,10
427110,2,RISE 창업투자회사,6590,2,5,0.08,6584.0,13.7305,1003,6,9
